field,system,layer,train_n,validation_n,test_n,test_balanced_accuracy,test_macro_f1,validation_balanced_accuracy,validation_macro_f1
proposer,base,0,1226,166,346,0.5,0.4373983739837398,0.5,0.44666666666666666
proposer,base,1,1226,166,346,0.6917877661372085,0.6561917774189542,0.707089552238806,0.6229051476576228
proposer,base,2,1226,166,346,0.6964949548592672,0.6829171710771946,0.6438899253731343,0.5940217391304348
proposer,base,3,1226,166,346,0.7734755950369334,0.7353053678439373,0.679804104477612,0.663034188034188
proposer,base,4,1226,166,346,0.7409597837107131,0.6931717410582323,0.6581156716417911,0.6224899598393574
proposer,base,5,1226,166,346,0.7651474919132912,0.738094454500576,0.5949160447761195,0.5826524198617222
proposer,base,6,1226,166,346,0.8059672669338097,0.7688860159448394,0.6380597014925373,0.6145770240258429
proposer,base,7,1226,166,346,0.7633128952831555,0.7455508162965142,0.664179104477612,0.6506394689978954
proposer,base,8,1226,166,346,0.7679235262878386,0.7371961805555556,0.6909981343283582,0.6798368876398303
proposer,base,9,1226,166,346,0.8050258291893979,0.7618467729125854,0.6849347014925373,0.6489105307166396
proposer,base,10,1226,166,346,0.8216820354366823,0.7539339910852907,0.773554104477612,0.7318796688875429
proposer,base,11,1226,166,346,0.8671607203205716,0.7943526045916569,0.6693097014925373,0.6376984126984127
proposer,base,12,1226,166,346,0.8950417612127649,0.8393279297534617,0.755830223880597,0.7620071684587814
proposer,base,13,1226,166,346,0.8941003234683532,0.8311441535921584,0.7609608208955223,0.7402190923317684
proposer,base,14,1226,166,346,0.9331337807174238,0.8994186046511627,0.8145988805970149,0.8036609405801183
proposer,base,15,1226,166,346,0.9145705595519722,0.8805394990366089,0.8971548507462687,0.846422697368421
proposer,base,16,1226,166,346,0.9591319461207937,0.9329113202167094,0.9246735074626866,0.8588082253464753
proposer,base,17,1226,166,346,0.9507797035678076,0.9250185343598517,0.9239738805970149,0.878273622459669
proposer,base,18,1226,166,346,0.9674841886737797,0.9408041060735671,0.9195429104477613,0.8913849509269357
proposer,base,19,1226,166,346,0.9777193067155893,0.9711649502946604,0.9507929104477613,0.9113247863247864
proposer,base,20,1226,166,346,0.9823540771496162,0.9714208172560681,0.9307369402985075,0.9158546888200507
proposer,base,21,1226,166,346,0.9823540771496162,0.9714208172560681,0.9307369402985075,0.9158546888200507
proposer,base,22,1226,166,346,0.9740018345966301,0.9632553364720875,0.9426305970149254,0.9176723425359563
proposer,base,23,1226,166,346,0.9777193067155893,0.9711649502946604,0.9158115671641791,0.8835464896659652
proposer,base,24,1226,166,346,0.9879302853280548,0.9834481438959051,0.9195429104477613,0.8913849509269357
proposer,base,25,1226,166,346,0.978660744460001,0.9831384015594542,0.9351679104477613,0.9014624143327397
proposer,base,26,1226,166,346,0.9730845362815623,0.9709016639634769,0.9351679104477613,0.9014624143327397
proposer,base,27,1226,166,346,0.9693670641626032,0.9629263646645634,0.9314365671641791,0.8935897435897436
proposer,base,28,1226,166,346,0.9712258002220828,0.9668962877918101,0.9388992537313433,0.9094874591057798
proposer,base,29,1226,166,346,0.9675083281031236,0.9589911344995969,0.9351679104477613,0.9014624143327397
proposer,base,30,1226,166,346,0.9675083281031236,0.9589911344995969,0.9232742537313433,0.8993773075439466
proposer,base,31,1226,166,346,0.9758605706561096,0.9671929075996776,0.9270055970149254,0.9075311942959001
proposer,base,32,1226,166,346,0.9777193067155893,0.9711649502946604,0.9388992537313433,0.9094874591057798
proposer,answer_only,0,1226,166,346,0.5,0.4373983739837398,0.5,0.44666666666666666
proposer,answer_only,1,1226,166,346,0.6862356973881137,0.6567460317460317,0.6907649253731343,0.6239840106595602
proposer,answer_only,2,1226,166,346,0.6834838024429102,0.6647286821705427,0.6907649253731343,0.6239840106595602
proposer,answer_only,3,1226,166,346,0.7929802539467967,0.7597222222222222,0.6849347014925373,0.6489105307166396
proposer,answer_only,4,1226,166,346,0.7613817409356443,0.7125980618366405,0.6930970149253731,0.6493855606758833
proposer,answer_only,5,1226,166,346,0.7827692753343312,0.7493593971305316,0.6686100746268657,0.6469001297016861
proposer,answer_only,6,1226,166,346,0.7781345049003041,0.7475470177616605,0.6730410447761195,0.6428678641116725
proposer,answer_only,7,1226,166,346,0.7670303674021146,0.751377245508982,0.6590485074626866,0.6628434886499402
proposer,answer_only,8,1226,166,346,0.7595712837348525,0.7296875,0.6977611940298507,0.7025089605734767
proposer,answer_only,9,1226,166,346,0.7809105392748515,0.7465201465201465,0.699160447761194,0.6807692307692308
proposer,answer_only,10,1226,166,346,0.8291893979626321,0.8003816624506279,0.7989738805970149,0.7919799498746867
proposer,answer_only,11,1226,166,346,0.9015835465649592,0.8718389062868304,0.818330223880597,0.8108908635224426
proposer,answer_only,12,1226,166,346,0.9257229759088494,0.9013401767892786,0.8682369402985075,0.8726618280521625
proposer,answer_only,13,1226,166,346,0.9545213151161107,0.9503444316877153,0.9426305970149254,0.9176723425359563
proposer,answer_only,14,1226,166,346,0.9944237918215613,0.9876421215548545,0.9500932835820896,0.9345536468600395
proposer,answer_only,15,1226,166,346,0.9962825278810409,0.9917240719479525,0.9657182835820896,0.9445187165775402
proposer,answer_only,16,1226,166,346,0.9897890213875344,0.9875292845557757,0.9694496268656716,0.9532526049000282
proposer,answer_only,17,1226,166,346,0.9916477574470139,0.9916477574470139,0.9381996268656716,0.9330452319216365
proposer,answer_only,18,1226,166,346,1.0,1.0,0.9731809701492538,0.9621781727044885
proposer,answer_only,19,1226,166,346,1.0,1.0,0.9731809701492538,0.9621781727044885
proposer,answer_only,20,1226,166,346,1.0,1.0,0.9888059701492538,0.9719515629400168
proposer,answer_only,21,1226,166,346,1.0,1.0,0.9731809701492538,0.9621781727044885
proposer,answer_only,22,1226,166,346,1.0,1.0,0.9731809701492538,0.9621781727044885
proposer,answer_only,23,1226,166,346,1.0,1.0,0.9731809701492538,0.9621781727044885
proposer,answer_only,24,1226,166,346,1.0,1.0,0.9888059701492538,0.9719515629400168
proposer,answer_only,25,1226,166,346,1.0,1.0,0.9888059701492538,0.9719515629400168
proposer,answer_only,26,1226,166,346,1.0,1.0,0.9888059701492538,0.9719515629400168
proposer,answer_only,27,1226,166,346,1.0,1.0,0.9888059701492538,0.9719515629400168
proposer,answer_only,28,1226,166,346,0.9981412639405205,0.9958430948519252,0.9731809701492538,0.9621781727044885
proposer,answer_only,29,1226,166,346,1.0,1.0,0.9888059701492538,0.9719515629400168
proposer,answer_only,30,1226,166,346,1.0,1.0,0.9888059701492538,0.9719515629400168
proposer,answer_only,31,1226,166,346,1.0,1.0,0.9888059701492538,0.9719515629400168
proposer,answer_only,32,1226,166,346,1.0,1.0,0.9731809701492538,0.9621781727044885
proposer,subjectesis,0,1226,166,346,0.5,0.4373983739837398,0.5,0.44666666666666666
proposer,subjectesis,1,1226,166,346,0.6964466760005794,0.6665854820776196,0.6527518656716418,0.585
proposer,subjectesis,2,1226,166,346,0.6974363926036788,0.6883314855875832,0.6394589552238805,0.5979880774962743
proposer,subjectesis,3,1226,166,346,0.7650992130546034,0.7179590362688955,0.6604477611940298,0.6452991452991452
proposer,subjectesis,4,1226,166,346,0.7502534640081109,0.7063304765453566,0.6588152985074627,0.6134500745156483
proposer,subjectesis,5,1226,166,346,0.7743928933520012,0.7315579786118683,0.6105410447761195,0.5952269779507133
proposer,subjectesis,6,1226,166,346,0.8124607734273162,0.7734119187950229,0.6373600746268657,0.6224678690432115
proposer,subjectesis,7,1226,166,346,0.7382561676241974,0.7220631993392693,0.6634794776119404,0.6596035543403964
proposer,subjectesis,8,1226,166,346,0.8022739342441945,0.774368610113291,0.667910447761194,0.6560523446019629
proposer,subjectesis,9,1226,166,346,0.8375416405156182,0.8080592908179115,0.804804104477612,0.7529761904761905
proposer,subjectesis,10,1226,166,346,0.8523873895621108,0.8202597402597402,0.8309235074626866,0.7980642090231131
proposer,subjectesis,11,1226,166,346,0.9173707333558634,0.8934473909324209,0.8852611940298507,0.8434946574481459
proposer,subjectesis,12,1226,166,346,0.9118186646067687,0.8988197588050204,0.9314365671641791,0.8935897435897436
proposer,subjectesis,13,1226,166,346,0.9693670641626032,0.9629263646645634,0.9500932835820896,0.9345536468600395
proposer,subjectesis,14,1226,166,346,0.9916477574470139,0.9916477574470139,0.9694496268656716,0.9532526049000282
proposer,subjectesis,15,1226,166,346,0.9962825278810409,0.9917240719479525,0.9657182835820896,0.9445187165775402
proposer,subjectesis,16,1226,166,346,0.9935064935064934,0.9958043823590041,0.9538246268656716,0.9432672590567327
proposer,subjectesis,17,1226,166,346,0.9935064935064934,0.9958043823590041,0.9694496268656716,0.9532526049000282
proposer,subjectesis,18,1226,166,346,1.0,1.0,0.9850746268656716,0.9630124777183601
proposer,subjectesis,19,1226,166,346,1.0,1.0,0.9850746268656716,0.9630124777183601
proposer,subjectesis,20,1226,166,346,1.0,1.0,0.9850746268656716,0.9630124777183601
proposer,subjectesis,21,1226,166,346,1.0,1.0,0.9850746268656716,0.9630124777183601
proposer,subjectesis,22,1226,166,346,1.0,1.0,0.9850746268656716,0.9630124777183601
proposer,subjectesis,23,1226,166,346,1.0,1.0,0.9850746268656716,0.9630124777183601
proposer,subjectesis,24,1226,166,346,1.0,1.0,0.9694496268656716,0.9532526049000282
proposer,subjectesis,25,1226,166,346,1.0,1.0,0.9850746268656716,0.9630124777183601
proposer,subjectesis,26,1226,166,346,1.0,1.0,0.9694496268656716,0.9532526049000282
proposer,subjectesis,27,1226,166,346,1.0,1.0,0.9694496268656716,0.9532526049000282
proposer,subjectesis,28,1226,166,346,1.0,1.0,0.9694496268656716,0.9532526049000282
proposer,subjectesis,29,1226,166,346,1.0,1.0,0.9694496268656716,0.9532526049000282
proposer,subjectesis,30,1226,166,346,1.0,1.0,0.9694496268656716,0.9532526049000282
proposer,subjectesis,31,1226,166,346,1.0,1.0,0.9694496268656716,0.9532526049000282
proposer,subjectesis,32,1226,166,346,1.0,1.0,0.9694496268656716,0.9532526049000282
seen,base,0,1226,166,346,0.5,0.3951048951048951,0.5,0.3805970149253731
seen,base,1,1226,166,346,0.6669985250737462,0.6615605509938529,0.6371017156862745,0.6353030303030303
seen,base,2,1226,166,346,0.6022861356932153,0.6020829691510796,0.6588541666666667,0.6631493506493507
seen,base,3,1226,166,346,0.6305309734513274,0.6319561079386407,0.6654411764705883,0.6621438263229308
seen,base,4,1226,166,346,0.6423672566371681,0.6468027734976888,0.6459865196078431,0.6471497584541064
seen,base,5,1226,166,346,0.6761061946902654,0.6732054635280442,0.6409313725490196,0.6349200432400194
seen,base,6,1226,166,346,0.6361356932153392,0.635312124794926,0.6410845588235294,0.6418554476806904
seen,base,7,1226,166,346,0.6650442477876106,0.6604391943601611,0.6439950980392157,0.6439950980392157
seen,base,8,1226,166,346,0.6515117994100295,0.6437422332682408,0.6948529411764706,0.6948529411764706
seen,base,9,1226,166,346,0.6775442477876106,0.6714091169724771,0.6881127450980392,0.6921923699057088
seen,base,10,1226,166,346,0.684697640117994,0.6820634126370377,0.7066482843137255,0.7094176683393628
seen,base,11,1226,166,346,0.7182890855457227,0.712914862914863,0.7457107843137255,0.7457107843137255
seen,base,12,1226,166,346,0.7084070796460177,0.6955083075190087,0.7408088235294117,0.7401000496429526
seen,base,13,1226,166,346,0.7530604719764011,0.7381371444663475,0.748468137254902,0.7358937358937359
seen,base,14,1226,166,346,0.7984882005899705,0.7871186924304707,0.7985600490196079,0.8011207729468599
seen,base,15,1226,166,346,0.8252949852507374,0.8227459016393442,0.8543198529411764,0.8584057071960298
seen,base,16,1226,166,346,0.869948377581121,0.8670594262295082,0.8327205882352942,0.8297823857810185
seen,base,17,1226,166,346,0.8802359882005899,0.8743097936646325,0.8621323529411764,0.8652753623188405
seen,base,18,1226,166,346,0.9126474926253687,0.9110376492194674,0.8817401960784313,0.889467705926129
seen,base,19,1226,166,346,0.8974188790560471,0.8927777170148383,0.8817401960784313,0.889467705926129
seen,base,20,1226,166,346,0.9121312684365781,0.9057323452484742,0.8797487745098039,0.8841501240694789
seen,base,21,1226,166,346,0.9123893805309735,0.9083778477834087,0.8797487745098039,0.8841501240694789
seen,base,22,1226,166,346,0.9187684365781711,0.9146966169017943,0.8826593137254901,0.8848821081830791
seen,base,23,1226,166,346,0.9060103244837758,0.9020590786650231,0.8875612745098039,0.8909371980676328
seen,base,24,1226,166,346,0.89155604719764,0.89155604719764,0.8904718137254901,0.891607451507586
seen,base,25,1226,166,346,0.8907817109144542,0.8839420888973502,0.9031862745098039,0.9043595160361053
seen,base,26,1226,166,346,0.9035398230088496,0.8964888900976367,0.883578431372549,0.8802172344384945
seen,base,27,1226,166,346,0.8998893805309734,0.8983287419651056,0.8728553921568627,0.8728553921568627
seen,base,28,1226,166,346,0.9146017699115044,0.9113729508196722,0.8806678921568627,0.8795585595906366
seen,base,29,1226,166,346,0.9037979351032448,0.8990849101316125,0.8777573529411764,0.8788553869790667
seen,base,30,1226,166,346,0.9254056047197641,0.9237465564738292,0.8630514705882353,0.860929169840061
seen,base,31,1226,166,346,0.9234513274336283,0.9234513274336283,0.8797487745098039,0.8841501240694789
seen,base,32,1226,166,346,0.9148598820058997,0.9140499213366332,0.8650428921568627,0.8661033224505473
seen,answer_only,0,1226,166,346,0.5,0.3951048951048951,0.5,0.3805970149253731
seen,answer_only,1,1226,166,346,0.6706489675516224,0.6621693591336766,0.6371017156862745,0.6353030303030303
seen,answer_only,2,1226,166,346,0.6305309734513274,0.6319561079386407,0.6490502450980392,0.652663769515532
seen,answer_only,3,1226,166,346,0.6307890855457227,0.632851602482839,0.7133884803921569,0.7107575757575757
seen,answer_only,4,1226,166,346,0.633259587020649,0.636151769219838,0.6654411764705883,0.6621438263229308
seen,answer_only,5,1226,166,346,0.6589233038348083,0.6555656108597285,0.6341911764705883,0.6333587204874334
seen,answer_only,6,1226,166,346,0.6574852507374631,0.6568595041322314,0.6147365196078431,0.6163879205671536
seen,answer_only,7,1226,166,346,0.6186946902654867,0.6166448706771288,0.6948529411764706,0.6948529411764706
seen,answer_only,8,1226,166,346,0.6617994100294985,0.6519114688128773,0.6881127450980392,0.6921923699057088
seen,answer_only,9,1226,166,346,0.6932890855457228,0.6909475372780634,0.7055759803921569,0.7036952641373286
seen,answer_only,10,1226,166,346,0.7077433628318583,0.7030472215446604,0.678155637254902,0.6746570179406
seen,answer_only,11,1226,166,346,0.8014749262536873,0.7961144804953448,0.8376225490196079,0.8356435643564357
seen,answer_only,12,1226,166,346,0.8574483775811209,0.8567498688943886,0.8189338235294117,0.808178327804078
seen,answer_only,13,1226,166,346,0.8811578171091445,0.8648677436534706,0.891390931372549,0.8868181818181818
seen,answer_only,14,1226,166,346,0.915523598820059,0.9011181366770264,0.9090073529411764,0.9054346587672326
seen,answer_only,15,1226,166,346,0.9437684365781711,0.9343578068677669,0.8953737745098039,0.8976729850516258
seen,answer_only,16,1226,166,346,0.9528761061946902,0.9493559718969555,0.9306066176470589,0.9356389578163771
seen,answer_only,17,1226,166,346,0.9592551622418879,0.9556864754098361,0.9257046568627452,0.9294299516908213
seen,answer_only,18,1226,166,346,0.957042772861357,0.952609231612108,0.9237132352941176,0.9237132352941176
seen,answer_only,19,1226,166,346,0.9614675516224189,0.9587744141072525,0.9286151960784313,0.9298636450931439
seen,answer_only,20,1226,166,346,0.9550884955752212,0.952432016277599,0.9413296568627452,0.9426157096216632
seen,answer_only,21,1226,166,346,0.9550884955752212,0.952432016277599,0.9540441176470589,0.9553677741501825
seen,answer_only,22,1226,166,346,0.9550884955752212,0.952432016277599,0.9589460784313726,0.9616273693943597
seen,answer_only,23,1226,166,346,0.9550884955752212,0.952432016277599,0.9384191176470589,0.9422608695652175
seen,answer_only,24,1226,166,346,0.9573008849557522,0.9555188246097337,0.9355085784313726,0.9418835336678726
seen,answer_only,25,1226,166,346,0.9573008849557522,0.9555188246097337,0.9355085784313726,0.9418835336678726
seen,answer_only,26,1226,166,346,0.9573008849557522,0.9555188246097337,0.9355085784313726,0.9418835336678726
seen,answer_only,27,1226,166,346,0.9573008849557522,0.9555188246097337,0.9433210784313726,0.9485111662531017
seen,answer_only,28,1226,166,346,0.9595132743362831,0.9586166287917123,0.9355085784313726,0.9418835336678726
seen,answer_only,29,1226,166,346,0.9573008849557522,0.9555188246097337,0.9355085784313726,0.9418835336678726
seen,answer_only,30,1226,166,346,0.9573008849557522,0.9555188246097337,0.9355085784313726,0.9418835336678726
seen,answer_only,31,1226,166,346,0.9595132743362831,0.9586166287917123,0.9355085784313726,0.9418835336678726
seen,answer_only,32,1226,166,346,0.9573008849557522,0.9555188246097337,0.9355085784313726,0.9418835336678726
seen,subjectesis,0,1226,166,346,0.5,0.3951048951048951,0.5,0.3805970149253731
seen,subjectesis,1,1226,166,346,0.6716814159292035,0.6680904977375566,0.6596200980392157,0.6586443259710586
seen,subjectesis,2,1226,166,346,0.6147861356932154,0.6138392857142857,0.6675857843137255,0.671313163313797
seen,subjectesis,3,1226,166,346,0.614122418879056,0.6164842972857751,0.670343137254902,0.6675860505535194
seen,subjectesis,4,1226,166,346,0.6440634218289085,0.6476611943849632,0.6939338235294117,0.6965028980433345
seen,subjectesis,5,1226,166,346,0.6238938053097345,0.6245931283905968,0.6576286764705883,0.6550421279328975
seen,subjectesis,6,1226,166,346,0.6297566371681416,0.6289697269652725,0.6723345588235294,0.6712871287128712
seen,subjectesis,7,1226,166,346,0.6392699115044247,0.6342101490825688,0.6439950980392157,0.6439950980392157
seen,subjectesis,8,1226,166,346,0.677802359882006,0.6729001413561184,0.7126225490196079,0.7194591984548527
seen,subjectesis,9,1226,166,346,0.7168510324483777,0.7151273419203747,0.7340686274509804,0.7389937106918238
seen,subjectesis,10,1226,166,346,0.7357300884955753,0.7324296046945367,0.7613357843137255,0.7597867479055598
seen,subjectesis,11,1226,166,346,0.8247787610619469,0.8183891402714932,0.798406862745098,0.7891827282235171
seen,subjectesis,12,1226,166,346,0.844174041297935,0.839457762816722,0.7925857843137255,0.7872757424996231
seen,subjectesis,13,1226,166,346,0.8963864306784661,0.8825777873039689,0.9031862745098039,0.9043595160361053
seen,subjectesis,14,1226,166,346,0.91773598820059,0.9040565320452614,0.9208026960784313,0.9232547387887193
seen,subjectesis,15,1226,166,346,0.9140855457227138,0.9060633484162897,0.8875612745098039,0.8909371980676328
seen,subjectesis,16,1226,166,346,0.9440265486725663,0.9371548968323162,0.8846507352941176,0.8902244524837593
seen,subjectesis,17,1226,166,346,0.950405604719764,0.9434394071490846,0.8846507352941176,0.8902244524837593
seen,subjectesis,18,1226,166,346,0.9420722713864307,0.9369280688322579,0.9002757352941176,0.903768115942029
seen,subjectesis,19,1226,166,346,0.9481932153392331,0.9404026942986392,0.9129901960784313,0.9165990338164252
seen,subjectesis,20,1226,166,346,0.9506637168141593,0.9462904624937223,0.9100796568627452,0.9160539930758159
seen,subjectesis,21,1226,166,346,0.9462389380530973,0.94019014693172,0.8973651960784313,0.9031392227797876
seen,subjectesis,22,1226,166,346,0.9398598820058996,0.9338943729245326,0.8924632352941176,0.8970223325062034
seen,subjectesis,23,1226,166,346,0.9418141592920354,0.934129293698496,0.8924632352941176,0.8970223325062034
seen,subjectesis,24,1226,166,346,0.9415560471976401,0.9313492063492064,0.9080882352941176,0.9104638619201726
seen,subjectesis,25,1226,166,346,0.9415560471976401,0.9313492063492064,0.9129901960784313,0.9165990338164252
seen,subjectesis,26,1226,166,346,0.9459808259587021,0.9373755656108598,0.8924632352941176,0.8970223325062034
seen,subjectesis,27,1226,166,346,0.9415560471976401,0.9313492063492064,0.8982843137254901,0.8982843137254901
seen,subjectesis,28,1226,166,346,0.9354351032448378,0.9278558930983527,0.8953737745098039,0.8976729850516258
seen,subjectesis,29,1226,166,346,0.9334808259587021,0.9275985989173452,0.9002757352941176,0.903768115942029
seen,subjectesis,30,1226,166,346,0.9396017699115045,0.9311131221719458,0.9002757352941176,0.903768115942029
seen,subjectesis,31,1226,166,346,0.9398598820058996,0.9338943729245326,0.9129901960784313,0.9165990338164252
seen,subjectesis,32,1226,166,346,0.9376474926253687,0.9308703865155478,0.9178921568627452,0.9227667493796525
recommendation_response,base,0,946,134,269,0.5,0.4126637554585153,0.5,0.4199134199134199
recommendation_response,base,1,946,134,269,0.6143518518518518,0.6053995006242198,0.599609919197548,0.6011904761904762
recommendation_response,base,2,946,134,269,0.598478835978836,0.58701793171211,0.5043187517414321,0.5041118421052632
recommendation_response,base,3,946,134,269,0.6013558201058201,0.5838852594428174,0.5654778489830037,0.5649050086355786
recommendation_response,base,4,946,134,269,0.6268518518518519,0.6159528243327126,0.4856505990526609,0.48574561403508776
recommendation_response,base,5,946,134,269,0.6328703703703704,0.6270854247334958,0.5814990247979939,0.565043695380774
recommendation_response,base,6,946,134,269,0.6256613756613756,0.6222702842293849,0.5048760100306492,0.4920518464172169
recommendation_response,base,7,946,134,269,0.6677248677248677,0.6557740324594257,0.5750905544719978,0.5665113871635611
recommendation_response,base,8,946,134,269,0.6472883597883597,0.6358133237889233,0.5866536639732516,0.5710250455087565
recommendation_response,base,9,946,134,269,0.633829365079365,0.6262473159024883,0.6085260518250208,0.5862154150197628
recommendation_response,base,10,946,134,269,0.65135582010582,0.6227320371436587,0.6542212315408191,0.6231352408901931
recommendation_response,base,11,946,134,269,0.7333664021164021,0.7248081841432226,0.6812482585678462,0.6429263565891472
recommendation_response,base,12,946,134,269,0.7965939153439153,0.782738142370734,0.6490665923655614,0.6167934286583511
recommendation_response,base,13,946,134,269,0.7994708994708994,0.7758056550191381,0.647812761214823,0.6277777777777778
recommendation_response,base,14,946,134,269,0.8177579365079365,0.8120562190267284,0.7109222624686542,0.6945620319114295
recommendation_response,base,15,946,134,269,0.8874669312169312,0.861860226264764,0.773335190860964,0.7392505178582638
recommendation_response,base,16,946,134,269,0.9026124338624338,0.8747672253258846,0.7649763165227084,0.736203721343748
recommendation_response,base,17,946,134,269,0.9016534391534392,0.8779128910590481,0.8396489272777933,0.804280180351813
recommendation_response,base,18,946,134,269,0.8951719576719577,0.886740510428812,0.8821398718305935,0.8458982877587529
recommendation_response,base,19,946,134,269,0.8711309523809524,0.8645056462750833,0.8634717191418222,0.8287758752875032
recommendation_response,base,20,946,134,269,0.8819444444444444,0.8671223927211307,0.848007801616049,0.8065407067980667
recommendation_response,base,21,946,134,269,0.8829034391534392,0.8640899330554503,0.8364446921147952,0.809265010351967
recommendation_response,base,22,946,134,269,0.9139219576719577,0.9007873510687769,0.8364446921147952,0.809265010351967
recommendation_response,base,23,946,134,269,0.8980489417989418,0.8771979535615899,0.8570632488158261,0.839627659574468
recommendation_response,base,24,946,134,269,0.9006944444444445,0.881078691423519,0.8963499582056283,0.8898026315789473
recommendation_response,base,25,946,134,269,0.8997354497354497,0.8842678904345331,0.9098634717191418,0.8997756170531039
recommendation_response,base,26,946,134,269,0.8997354497354497,0.8842678904345331,0.8995541933686264,0.8833299845958074
recommendation_response,base,27,946,134,269,0.9112764550264549,0.8968030690537084,0.8943995541933687,0.8752659574468085
recommendation_response,base,28,946,134,269,0.8908399470899471,0.875695141577832,0.8911953190303705,0.8815530019718502
recommendation_response,base,29,946,134,269,0.8874669312169312,0.861860226264764,0.8879910838673726,0.8879910838673726
recommendation_response,base,30,946,134,269,0.8874669312169312,0.861860226264764,0.8828364446921149,0.8796545768566494
recommendation_response,base,31,946,134,269,0.8723214285714285,0.848876404494382,0.8879910838673726,0.8879910838673726
recommendation_response,base,32,946,134,269,0.8723214285714285,0.848876404494382,0.8879910838673726,0.8879910838673726
recommendation_response,answer_only,0,946,134,269,0.5,0.4126637554585153,0.5,0.4199134199134199
recommendation_response,answer_only,1,946,134,269,0.6107473544973545,0.6031202913108991,0.599609919197548,0.6011904761904762
recommendation_response,answer_only,2,946,134,269,0.5850198412698413,0.5772085712951869,0.5261911395932014,0.5243453218136762
recommendation_response,answer_only,3,946,134,269,0.5763558201058201,0.5636360879913889,0.5654778489830037,0.5649050086355786
recommendation_response,answer_only,4,946,134,269,0.6071428571428572,0.6007641783503852,0.5062691557536918,0.5062358276643991
recommendation_response,answer_only,5,946,134,269,0.6340608465608466,0.6200564971751412,0.5731401504597381,0.5601010101010101
recommendation_response,answer_only,6,946,134,269,0.6311838624338624,0.6231247540338449,0.5731401504597381,0.5601010101010101
recommendation_response,answer_only,7,946,134,269,0.6395833333333334,0.6193701830443159,0.5795486207857342,0.5575935436537051
recommendation_response,answer_only,8,946,134,269,0.6150793650793651,0.6099399270200934,0.5286988018946782,0.5142242703533026
recommendation_response,answer_only,9,946,134,269,0.6828703703703703,0.6693017537853441,0.6085260518250208,0.5862154150197628
recommendation_response,answer_only,10,946,134,269,0.7595568783068782,0.7336106159635571,0.6967121760936195,0.662427035330261
recommendation_response,answer_only,11,946,134,269,0.8403439153439154,0.8163252638112973,0.7308442463081638,0.698876404494382
recommendation_response,answer_only,12,946,134,269,0.8535714285714285,0.8348524203069658,0.7057676232933965,0.687888198757764
recommendation_response,answer_only,13,946,134,269,0.9415674603174603,0.9230842546702249,0.8126219002507662,0.7846351655416265
recommendation_response,answer_only,14,946,134,269,0.9449404761904762,0.9386004956306248,0.8860406798551128,0.8734143049932523
recommendation_response,answer_only,15,946,134,269,0.9386904761904762,0.9339877300613497,0.9150181108943996,0.9081688596491229
recommendation_response,answer_only,16,946,134,269,0.9466269841269841,0.9466269841269841,0.9118138757314016,0.9152792413066386
recommendation_response,answer_only,17,946,134,269,0.9644179894179894,0.9644179894179894,0.9543048202842017,0.9620181405895691
recommendation_response,answer_only,18,946,134,269,0.9608134920634921,0.9641572285143238,0.9543048202842017,0.9620181405895691
recommendation_response,answer_only,19,946,134,269,0.9608134920634921,0.9641572285143238,0.9407913067706882,0.9520983770644169
recommendation_response,answer_only,20,946,134,269,0.9608134920634921,0.9641572285143238,0.9324324324324325,0.9512053018716773
recommendation_response,answer_only,21,946,134,269,0.9634589947089947,0.96852065466339,0.9459459459459459,0.9613275613275614
recommendation_response,answer_only,22,946,134,269,0.9634589947089947,0.96852065466339,0.9459459459459459,0.9613275613275614
recommendation_response,answer_only,23,946,134,269,0.9634589947089947,0.96852065466339,0.9407913067706882,0.9520983770644169
recommendation_response,answer_only,24,946,134,269,0.9634589947089947,0.96852065466339,0.9324324324324325,0.9512053018716773
recommendation_response,answer_only,25,946,134,269,0.9634589947089947,0.96852065466339,0.9324324324324325,0.9512053018716773
recommendation_response,answer_only,26,946,134,269,0.9634589947089947,0.96852065466339,0.9324324324324325,0.9512053018716773
recommendation_response,answer_only,27,946,134,269,0.9634589947089947,0.96852065466339,0.9324324324324325,0.9512053018716773
recommendation_response,answer_only,28,946,134,269,0.9697089947089947,0.9731179213857428,0.9324324324324325,0.9512053018716773
recommendation_response,answer_only,29,946,134,269,0.9697089947089947,0.9731179213857428,0.9324324324324325,0.9512053018716773
recommendation_response,answer_only,30,946,134,269,0.9697089947089947,0.9731179213857428,0.9324324324324325,0.9512053018716773
recommendation_response,answer_only,31,946,134,269,0.9697089947089947,0.9731179213857428,0.9324324324324325,0.9512053018716773
recommendation_response,answer_only,32,946,134,269,0.9697089947089947,0.9731179213857428,0.9324324324324325,0.9512053018716773
recommendation_response,subjectesis,0,946,134,269,0.5,0.4126637554585153,0.5,0.4199134199134199
recommendation_response,subjectesis,1,946,134,269,0.6189153439153439,0.6066343415685369,0.6079687935358038,0.6079687935358038
recommendation_response,subjectesis,2,946,134,269,0.6028108465608466,0.5939527862933972,0.5126776260796879,0.5117408906882591
recommendation_response,subjectesis,3,946,134,269,0.5753968253968254,0.5644855816226784,0.5583728057954862,0.5545212765957447
recommendation_response,subjectesis,4,946,134,269,0.6419973544973545,0.6294937864648622,0.5055725828921706,0.5025724519700423
recommendation_response,subjectesis,5,946,134,269,0.6362433862433863,0.6347321063394683,0.5493173585957091,0.537379951038855
recommendation_response,subjectesis,6,946,134,269,0.6174933862433862,0.6174933862433862,0.5950125383115075,0.5757124231700503
recommendation_response,subjectesis,7,946,134,269,0.6970568783068782,0.6842574768768487,0.5853998328225133,0.5782848151062155
recommendation_response,subjectesis,8,946,134,269,0.7191798941798941,0.7094294065319608,0.5802451936472555,0.5723868446760013
recommendation_response,subjectesis,9,946,134,269,0.7047619047619047,0.7017738359201774,0.6581220395653385,0.6404293381037567
recommendation_response,subjectesis,10,946,134,269,0.780489417989418,0.7713795481150078,0.7347450543326832,0.7188565434041437
recommendation_response,subjectesis,11,946,134,269,0.8506944444444444,0.8431791682860474,0.7173307327946503,0.6887828761534116
recommendation_response,subjectesis,12,946,134,269,0.8526124338624339,0.8376223154149194,0.7649763165227084,0.736203721343748
recommendation_response,subjectesis,13,946,134,269,0.8783399470899471,0.8662786036144385,0.8177765394260239,0.7919254658385093
recommendation_response,subjectesis,14,946,134,269,0.9245039682539682,0.9169550735234382,0.8757314015045974,0.8574468085106384
recommendation_response,subjectesis,15,946,134,269,0.9254629629629629,0.9134491634491635,0.9130677068821399,0.8930851063829788
recommendation_response,subjectesis,16,946,134,269,0.9403769841269841,0.9419691010769817,0.9336862635831709,0.9265350877192983
recommendation_response,subjectesis,17,946,134,269,0.959126984126984,0.9558379301287103,0.9388409027584286,0.9351986183074266
recommendation_response,subjectesis,18,946,134,269,0.9617724867724867,0.9601133499184473,0.925327389244915,0.925327389244915
recommendation_response,subjectesis,19,946,134,269,0.959126984126984,0.9558379301287103,0.9356366675954304,0.9430272108843537
recommendation_response,subjectesis,20,946,134,269,0.9653769841269841,0.9603926380368097,0.9201727500696573,0.9166839378238342
recommendation_response,subjectesis,21,946,134,269,0.9653769841269841,0.9603926380368097,0.925327389244915,0.925327389244915
recommendation_response,subjectesis,22,946,134,269,0.9653769841269841,0.9603926380368097,0.9201727500696573,0.9166839378238342
recommendation_response,subjectesis,23,946,134,269,0.9653769841269841,0.9603926380368097,0.925327389244915,0.925327389244915
recommendation_response,subjectesis,24,946,134,269,0.9680224867724867,0.9646703441029683,0.925327389244915,0.925327389244915
recommendation_response,subjectesis,25,946,134,269,0.9680224867724867,0.9646703441029683,0.9304820284201727,0.93410607657183
recommendation_response,subjectesis,26,946,134,269,0.9680224867724867,0.9646703441029683,0.9304820284201727,0.93410607657183
recommendation_response,subjectesis,27,946,134,269,0.9680224867724867,0.9646703441029683,0.9407913067706882,0.9520983770644169
recommendation_response,subjectesis,28,946,134,269,0.9653769841269841,0.9603926380368097,0.9407913067706882,0.9520983770644169
recommendation_response,subjectesis,29,946,134,269,0.9680224867724867,0.9646703441029683,0.9356366675954304,0.9430272108843537
recommendation_response,subjectesis,30,946,134,269,0.9680224867724867,0.9646703441029683,0.9304820284201727,0.93410607657183
recommendation_response,subjectesis,31,946,134,269,0.9680224867724867,0.9646703441029683,0.9407913067706882,0.9520983770644169
recommendation_response,subjectesis,32,946,134,269,0.9653769841269841,0.9603926380368097,0.9594594594594594,0.9712590262386501
appraisal,base,0,280,32,77,0.5,0.02531645569620253,0.5,0.058823529411764705
appraisal,base,1,280,32,77,0.4666666666666667,0.47619047619047616,0.6166666666666667,0.5060034305317325
appraisal,base,2,280,32,77,0.44666666666666666,0.4652777777777778,0.5666666666666667,0.4514285714285714
appraisal,base,3,280,32,77,0.4666666666666667,0.47619047619047616,0.38333333333333336,0.41818181818181815
appraisal,base,4,280,32,77,0.4866666666666667,0.4866666666666667,0.4,0.42857142857142855
appraisal,base,5,280,32,77,0.4866666666666667,0.4866666666666667,0.65,0.5474747474747474
appraisal,base,6,280,32,77,0.48,0.48322147651006714,0.9,0.6444444444444444
appraisal,base,7,280,32,77,0.4666666666666667,0.47619047619047616,0.9,0.6444444444444444
appraisal,base,8,280,32,77,0.46,0.4726027397260274,0.6833333333333333,0.5989974937343359
appraisal,base,9,280,32,77,0.4666666666666667,0.47619047619047616,0.9166666666666667,0.6767676767676767
appraisal,base,10,280,32,77,0.7166666666666667,0.6044520547945205,0.9333333333333333,0.7142857142857143
appraisal,base,11,280,32,77,0.47333333333333333,0.4797297297297297,0.9666666666666667,0.8160919540229885
appraisal,base,12,280,32,77,0.48,0.48322147651006714,0.7,0.632183908045977
appraisal,base,13,280,32,77,0.4866666666666667,0.4866666666666667,0.7,0.632183908045977
appraisal,base,14,280,32,77,0.7366666666666667,0.6899328859060403,0.7166666666666667,0.6745762711864407
appraisal,base,15,280,32,77,0.73,0.6531531531531531,0.7333333333333334,0.7333333333333334
appraisal,base,16,280,32,77,0.73,0.6531531531531531,0.7166666666666667,0.6745762711864407
appraisal,base,17,280,32,77,0.7433333333333334,0.7433333333333334,0.75,0.825136612021858
appraisal,base,18,280,32,77,0.7233333333333334,0.6258503401360545,0.75,0.825136612021858
appraisal,base,19,280,32,77,0.7166666666666667,0.6044520547945205,0.7166666666666667,0.6745762711864407
appraisal,base,20,280,32,77,0.73,0.6531531531531531,0.7333333333333334,0.7333333333333334
appraisal,base,21,280,32,77,0.7233333333333334,0.6258503401360545,0.7166666666666667,0.6745762711864407
appraisal,base,22,280,32,77,0.7233333333333334,0.6258503401360545,0.7333333333333334,0.7333333333333334
appraisal,base,23,280,32,77,0.7366666666666667,0.6899328859060403,0.75,0.825136612021858
appraisal,base,24,280,32,77,0.73,0.6531531531531531,0.7333333333333334,0.7333333333333334
appraisal,base,25,280,32,77,0.73,0.6531531531531531,0.7333333333333334,0.7333333333333334
appraisal,base,26,280,32,77,0.7233333333333334,0.6258503401360545,0.7333333333333334,0.7333333333333334
appraisal,base,27,280,32,77,0.7366666666666667,0.6899328859060403,0.7333333333333334,0.7333333333333334
appraisal,base,28,280,32,77,0.73,0.6531531531531531,0.7333333333333334,0.7333333333333334
appraisal,base,29,280,32,77,0.7233333333333334,0.6258503401360545,0.75,0.825136612021858
appraisal,base,30,280,32,77,0.73,0.6531531531531531,0.7333333333333334,0.7333333333333334
appraisal,base,31,280,32,77,0.7233333333333334,0.6258503401360545,0.6833333333333333,0.5989974937343359
appraisal,base,32,280,32,77,0.7233333333333334,0.6258503401360545,0.6833333333333333,0.5989974937343359
appraisal,answer_only,0,280,32,77,0.5,0.02531645569620253,0.5,0.058823529411764705
appraisal,answer_only,1,280,32,77,0.4666666666666667,0.47619047619047616,0.6333333333333333,0.5259259259259259
appraisal,answer_only,2,280,32,77,0.44,0.46153846153846156,0.55,0.4340136054421769
appraisal,answer_only,3,280,32,77,0.46,0.4726027397260274,0.35,0.39622641509433965
appraisal,answer_only,4,280,32,77,0.4866666666666667,0.4866666666666667,0.4,0.42857142857142855
appraisal,answer_only,5,280,32,77,0.49333333333333335,0.4900662251655629,0.6666666666666667,0.5714285714285714
appraisal,answer_only,6,280,32,77,0.4866666666666667,0.4866666666666667,0.9,0.6444444444444444
appraisal,answer_only,7,280,32,77,0.4666666666666667,0.47619047619047616,0.65,0.5474747474747474
appraisal,answer_only,8,280,32,77,0.4666666666666667,0.47619047619047616,0.6833333333333333,0.5989974937343359
appraisal,answer_only,9,280,32,77,0.71,0.5869731800766284,0.6833333333333333,0.5989974937343359
appraisal,answer_only,10,280,32,77,0.7166666666666667,0.6044520547945205,0.95,0.7593984962406015
appraisal,answer_only,11,280,32,77,0.7233333333333334,0.6258503401360545,0.9833333333333334,0.8915254237288136
appraisal,answer_only,12,280,32,77,0.7233333333333334,0.6258503401360545,0.9833333333333334,0.8915254237288136
appraisal,answer_only,13,280,32,77,0.71,0.5869731800766284,0.9833333333333334,0.8915254237288136
appraisal,answer_only,14,280,32,77,0.7033333333333334,0.5722222222222222,0.95,0.7593984962406015
appraisal,answer_only,15,280,32,77,0.7366666666666667,0.6899328859060403,0.9666666666666667,0.8160919540229885
appraisal,answer_only,16,280,32,77,0.7233333333333334,0.6258503401360545,0.95,0.7593984962406015
appraisal,answer_only,17,280,32,77,0.73,0.6531531531531531,0.9666666666666667,0.8160919540229885
appraisal,answer_only,18,280,32,77,0.7366666666666667,0.6899328859060403,0.9666666666666667,0.8160919540229885
appraisal,answer_only,19,280,32,77,0.7366666666666667,0.6899328859060403,0.9666666666666667,0.8160919540229885
appraisal,answer_only,20,280,32,77,0.7433333333333334,0.7433333333333334,0.9833333333333334,0.8915254237288136
appraisal,answer_only,21,280,32,77,0.7366666666666667,0.6899328859060403,0.9833333333333334,0.8915254237288136
appraisal,answer_only,22,280,32,77,0.73,0.6531531531531531,0.9833333333333334,0.8915254237288136
appraisal,answer_only,23,280,32,77,0.7366666666666667,0.6899328859060403,1.0,1.0
appraisal,answer_only,24,280,32,77,0.75,0.8300220750551877,1.0,1.0
appraisal,answer_only,25,280,32,77,0.75,0.8300220750551877,1.0,1.0
appraisal,answer_only,26,280,32,77,0.75,0.8300220750551877,1.0,1.0
appraisal,answer_only,27,280,32,77,0.75,0.8300220750551877,0.9833333333333334,0.8915254237288136
appraisal,answer_only,28,280,32,77,0.75,0.8300220750551877,1.0,1.0
appraisal,answer_only,29,280,32,77,0.75,0.8300220750551877,1.0,1.0
appraisal,answer_only,30,280,32,77,0.75,0.8300220750551877,1.0,1.0
appraisal,answer_only,31,280,32,77,0.75,0.8300220750551877,1.0,1.0
appraisal,answer_only,32,280,32,77,0.75,0.8300220750551877,1.0,1.0
appraisal,subjectesis,0,280,32,77,0.5,0.02531645569620253,0.5,0.058823529411764705
appraisal,subjectesis,1,280,32,77,0.4666666666666667,0.47619047619047616,0.65,0.5474747474747474
appraisal,subjectesis,2,280,32,77,0.43333333333333335,0.45774647887323944,0.5666666666666667,0.4514285714285714
appraisal,subjectesis,3,280,32,77,0.48,0.48322147651006714,0.36666666666666664,0.4074074074074074
appraisal,subjectesis,4,280,32,77,0.48,0.48322147651006714,0.4,0.42857142857142855
appraisal,subjectesis,5,280,32,77,0.49333333333333335,0.4900662251655629,0.6166666666666667,0.5060034305317325
appraisal,subjectesis,6,280,32,77,0.49333333333333335,0.4900662251655629,0.8666666666666667,0.5897435897435898
appraisal,subjectesis,7,280,32,77,0.48,0.48322147651006714,0.6333333333333333,0.5259259259259259
appraisal,subjectesis,8,280,32,77,0.47333333333333333,0.4797297297297297,0.7,0.632183908045977
appraisal,subjectesis,9,280,32,77,0.44666666666666666,0.4652777777777778,0.4166666666666667,0.43859649122807015
appraisal,subjectesis,10,280,32,77,0.47333333333333333,0.4797297297297297,0.7,0.632183908045977
appraisal,subjectesis,11,280,32,77,0.73,0.6531531531531531,0.7333333333333334,0.7333333333333334
appraisal,subjectesis,12,280,32,77,0.7233333333333334,0.6258503401360545,0.7166666666666667,0.6745762711864407
appraisal,subjectesis,13,280,32,77,0.7366666666666667,0.6899328859060403,0.7333333333333334,0.7333333333333334
appraisal,subjectesis,14,280,32,77,0.7366666666666667,0.6899328859060403,0.7,0.632183908045977
appraisal,subjectesis,15,280,32,77,0.73,0.6531531531531531,0.7166666666666667,0.6745762711864407
appraisal,subjectesis,16,280,32,77,0.7366666666666667,0.6899328859060403,0.9333333333333333,0.7142857142857143
appraisal,subjectesis,17,280,32,77,0.7366666666666667,0.6899328859060403,0.95,0.7593984962406015
appraisal,subjectesis,18,280,32,77,0.73,0.6531531531531531,0.95,0.7593984962406015
appraisal,subjectesis,19,280,32,77,0.7366666666666667,0.6899328859060403,0.9666666666666667,0.8160919540229885
appraisal,subjectesis,20,280,32,77,0.7366666666666667,0.6899328859060403,0.7333333333333334,0.7333333333333334
appraisal,subjectesis,21,280,32,77,0.7366666666666667,0.6899328859060403,0.7166666666666667,0.6745762711864407
appraisal,subjectesis,22,280,32,77,0.7366666666666667,0.6899328859060403,0.9666666666666667,0.8160919540229885
appraisal,subjectesis,23,280,32,77,0.7433333333333334,0.7433333333333334,0.9666666666666667,0.8160919540229885
appraisal,subjectesis,24,280,32,77,0.75,0.8300220750551877,0.7166666666666667,0.6745762711864407
appraisal,subjectesis,25,280,32,77,0.75,0.8300220750551877,0.7166666666666667,0.6745762711864407
appraisal,subjectesis,26,280,32,77,0.75,0.8300220750551877,0.7166666666666667,0.6745762711864407
appraisal,subjectesis,27,280,32,77,0.75,0.8300220750551877,0.7166666666666667,0.6745762711864407
appraisal,subjectesis,28,280,32,77,0.7433333333333334,0.7433333333333334,0.7166666666666667,0.6745762711864407
appraisal,subjectesis,29,280,32,77,0.75,0.8300220750551877,0.7166666666666667,0.6745762711864407
appraisal,subjectesis,30,280,32,77,0.75,0.8300220750551877,0.7166666666666667,0.6745762711864407
appraisal,subjectesis,31,280,32,77,0.75,0.8300220750551877,0.7166666666666667,0.6745762711864407
appraisal,subjectesis,32,280,32,77,0.75,0.8300220750551877,0.75,0.825136612021858
intends_to_watch,base,0,1009,153,275,0.5,0.40987124463519314,0.5,0.39763779527559057
intends_to_watch,base,1,1009,153,275,0.5738905509847918,0.5657894736842105,0.6533701447067783,0.6339064161644807
intends_to_watch,base,2,1009,153,275,0.6431687858389429,0.6288152566726173,0.5624523990860625,0.5600185528756957
intends_to_watch,base,3,1009,153,275,0.6669783096484667,0.6480493521807279,0.6265232292460016,0.6286407766990292
intends_to_watch,base,4,1009,153,275,0.6907878334579904,0.666780709632354,0.6072924600152323,0.6096938775510204
intends_to_watch,base,5,1009,153,275,0.6512715033657442,0.6291222441475846,0.634996191926885,0.6281810261818516
intends_to_watch,base,6,1009,153,275,0.62509349289454,0.5977347766121954,0.6064356435643564,0.6047996994317382
intends_to_watch,base,7,1009,153,275,0.6388992769882822,0.611695955486586,0.6454683929931455,0.6447761194029851
intends_to_watch,base,8,1009,153,275,0.6738967838444279,0.6404928793947485,0.6014851485148515,0.5993265993265993
intends_to_watch,base,9,1009,153,275,0.7112627773622537,0.6837779134310984,0.6457539984767708,0.6470588235294117
intends_to_watch,base,10,1009,153,275,0.7426763899276988,0.723271449197159,0.650990099009901,0.6547291993720565
intends_to_watch,base,11,1009,153,275,0.7717215158314634,0.7485522706491923,0.669935262757045,0.6707159596346071
intends_to_watch,base,12,1009,153,275,0.7907629020194464,0.7702589807852965,0.6696496572734196,0.6680188679245282
intends_to_watch,base,13,1009,153,275,0.8478870605833957,0.8375516880992412,0.7136329017517137,0.7146204983499929
intends_to_watch,base,14,1009,153,275,0.9066940912490651,0.8856616773580424,0.8394897182025896,0.8347344197623632
intends_to_watch,base,15,1009,153,275,0.8947893293443032,0.8768215480172001,0.8394897182025896,0.8347344197623632
intends_to_watch,base,16,1009,153,275,0.9171652954375468,0.9009009009009009,0.8592916984006094,0.8609689607346118
intends_to_watch,base,17,1009,153,275,0.9197830964846672,0.9047568853619239,0.8691926884996193,0.8743781695242695
intends_to_watch,base,18,1009,153,275,0.9354899027673897,0.9283206329249781,0.8834729626808835,0.8834729626808835
intends_to_watch,base,19,1009,153,275,0.9388244826726502,0.9287619047619047,0.8735719725818736,0.8700943396226415
intends_to_watch,base,20,1009,153,275,0.9354899027673897,0.9283206329249781,0.9225057121096725,0.9264705882352942
intends_to_watch,base,21,1009,153,275,0.9388244826726502,0.9287619047619047,0.8884234577303884,0.8902386532115356
intends_to_watch,base,22,1009,153,275,0.9388244826726502,0.9287619047619047,0.8881378522467631,0.8845283018867924
intends_to_watch,base,23,1009,153,275,0.944060084766891,0.9367534996396866,0.8834729626808835,0.8834729626808835
intends_to_watch,base,24,1009,153,275,0.9421590625779107,0.9291891973765922,0.9027037319116527,0.8989622641509434
intends_to_watch,base,25,1009,153,275,0.9388244826726502,0.9287619047619047,0.8834729626808835,0.8834729626808835
intends_to_watch,base,26,1009,153,275,0.9466778858140115,0.9407838070628768,0.9027037319116527,0.8989622641509434
intends_to_watch,base,27,1009,153,275,0.9466778858140115,0.9407838070628768,0.9027037319116527,0.8989622641509434
intends_to_watch,base,28,1009,153,275,0.9362066816255298,0.9247994652406417,0.9076542269611576,0.9057569296375266
intends_to_watch,base,29,1009,153,275,0.944060084766891,0.9367534996396866,0.898038842345773,0.898038842345773
intends_to_watch,base,30,1009,153,275,0.9269197207678883,0.9198877662102697,0.898038842345773,0.898038842345773
intends_to_watch,base,31,1009,153,275,0.9362066816255298,0.9247994652406417,0.898038842345773,0.898038842345773
intends_to_watch,base,32,1009,153,275,0.925018698578908,0.9125278320534376,0.8884234577303884,0.8902386532115356
intends_to_watch,answer_only,0,1009,153,275,0.5,0.40987124463519314,0.5,0.39763779527559057
intends_to_watch,answer_only,1,1009,153,275,0.5857953128895537,0.5759136405959032,0.6434691546077684,0.6222222222222222
intends_to_watch,answer_only,2,1009,153,275,0.6234106207928197,0.609782230974169,0.5528370144706778,0.5511106971545663
intends_to_watch,answer_only,3,1009,153,275,0.6562577910745451,0.6444104854825438,0.6262376237623762,0.6268114209192214
intends_to_watch,answer_only,4,1009,153,275,0.6703128895537273,0.6496012827671118,0.6011995430312262,0.5970893970893971
intends_to_watch,answer_only,5,1009,153,275,0.6360321615557217,0.6181047688585377,0.6052932216298552,0.5943468296409473
intends_to_watch,answer_only,6,1009,153,275,0.6465033657442034,0.6305525460455038,0.6344249809596345,0.6218487394957983
intends_to_watch,answer_only,7,1009,153,275,0.6508040388930442,0.6207213608057842,0.6338537699923839,0.6145414364640884
intends_to_watch,answer_only,8,1009,153,275,0.7112627773622537,0.6837779134310984,0.5962490479817213,0.5915868924889544
intends_to_watch,answer_only,9,1009,153,275,0.6972076788830716,0.6799348230912476,0.7025894897182026,0.6886446886446886
intends_to_watch,answer_only,10,1009,153,275,0.756014709548741,0.7283425675385475,0.7465727341964965,0.734375
intends_to_watch,answer_only,11,1009,153,275,0.825043630017452,0.80250333435929,0.761995430312262,0.7607675906183369
intends_to_watch,answer_only,12,1009,153,275,0.8600411368735976,0.831965782122905,0.7570449352627571,0.7546226415094339
intends_to_watch,answer_only,13,1009,153,275,0.9216841186736475,0.9119999999999999,0.8383472962680883,0.8143621084797555
intends_to_watch,answer_only,14,1009,153,275,0.9426265270506108,0.9441065649380092,0.9027037319116527,0.8989622641509434
intends_to_watch,answer_only,15,1009,153,275,0.9519134879082523,0.9489164086687307,0.9271706016755521,0.9271706016755521
intends_to_watch,answer_only,16,1009,153,275,0.9545312889553728,0.9530199257637174,0.932121096725057,0.9341431919269214
intends_to_watch,answer_only,17,1009,153,275,0.9571490900024932,0.9571490900024932,0.9469725818735719,0.9554368932038835
intends_to_watch,answer_only,18,1009,153,275,0.9597668910496135,0.9613045449570832,0.9324067022086824,0.9405825242718446
intends_to_watch,answer_only,19,1009,153,275,0.9571490900024932,0.9571490900024932,0.9324067022086824,0.9405825242718446
intends_to_watch,answer_only,20,1009,153,275,0.9597668910496135,0.9613045449570832,0.9277418126428028,0.9399529042386185
intends_to_watch,answer_only,21,1009,153,275,0.9597668910496135,0.9613045449570832,0.9277418126428028,0.9399529042386185
intends_to_watch,answer_only,22,1009,153,275,0.9597668910496135,0.9613045449570832,0.9277418126428028,0.9399529042386185
intends_to_watch,answer_only,23,1009,153,275,0.9571490900024932,0.9571490900024932,0.9277418126428028,0.9399529042386185
intends_to_watch,answer_only,24,1009,153,275,0.9571490900024932,0.9571490900024932,0.9227913175932978,0.9328063241106719
intends_to_watch,answer_only,25,1009,153,275,0.9571490900024932,0.9571490900024932,0.9227913175932978,0.9328063241106719
intends_to_watch,answer_only,26,1009,153,275,0.9571490900024932,0.9571490900024932,0.9227913175932978,0.9328063241106719
intends_to_watch,answer_only,27,1009,153,275,0.9597668910496135,0.9613045449570832,0.9227913175932978,0.9328063241106719
intends_to_watch,answer_only,28,1009,153,275,0.9597668910496135,0.9613045449570832,0.9227913175932978,0.9328063241106719
intends_to_watch,answer_only,29,1009,153,275,0.9597668910496135,0.9613045449570832,0.9227913175932978,0.9328063241106719
intends_to_watch,answer_only,30,1009,153,275,0.9597668910496135,0.9613045449570832,0.9227913175932978,0.9328063241106719
intends_to_watch,answer_only,31,1009,153,275,0.9597668910496135,0.9613045449570832,0.9227913175932978,0.9328063241106719
intends_to_watch,answer_only,32,1009,153,275,0.9597668910496135,0.9613045449570832,0.9227913175932978,0.9328063241106719
intends_to_watch,subjectesis,0,1009,153,275,0.5,0.40987124463519314,0.5,0.39763779527559057
intends_to_watch,subjectesis,1,1009,153,275,0.5824607329842932,0.5738304093567251,0.6341393754760092,0.6183178902352102
intends_to_watch,subjectesis,2,1009,153,275,0.6491211667913238,0.6336731147920769,0.5915841584158417,0.588404452690167
intends_to_watch,subjectesis,3,1009,153,275,0.6703128895537273,0.6496012827671118,0.607006854531607,0.6083554696933108
intends_to_watch,subjectesis,4,1009,153,275,0.6714971328845674,0.6559299348230913,0.5775894897182026,0.5775894897182026
intends_to_watch,subjectesis,5,1009,153,275,0.6446023435552232,0.6259788973356812,0.6687928408225438,0.6586842704302299
intends_to_watch,subjectesis,6,1009,153,275,0.6553228621291448,0.6288798920377867,0.6883092155369384,0.678453947368421
intends_to_watch,subjectesis,7,1009,153,275,0.6850847668910496,0.6513701397305693,0.653941355674029,0.641363144608727
intends_to_watch,subjectesis,8,1009,153,275,0.6974569932685116,0.6694945210321668,0.6446115765422695,0.6365131578947368
intends_to_watch,subjectesis,9,1009,153,275,0.7079281974569933,0.6824616174143608,0.6501332825590251,0.6479124594937303
intends_to_watch,subjectesis,10,1009,153,275,0.7619670905011219,0.7328571428571429,0.7083968012185834,0.7053961395763866
intends_to_watch,subjectesis,11,1009,153,275,0.8519384193467963,0.8357620640229335,0.7856054836252857,0.7746686303387335
intends_to_watch,subjectesis,12,1009,153,275,0.8593243580154575,0.8347476879332835,0.8339680121858339,0.8182565789473684
intends_to_watch,subjectesis,13,1009,153,275,0.912646472201446,0.8900407256571641,0.9070830159939072,0.893970893970894
intends_to_watch,subjectesis,14,1009,153,275,0.9354899027673897,0.9283206329249781,0.9172696115765423,0.9133962264150943
intends_to_watch,subjectesis,15,1009,153,275,0.9373909249563699,0.9359362624050691,0.9175552170601675,0.9195083456884595
intends_to_watch,subjectesis,16,1009,153,275,0.9478621291448517,0.9523809523809523,0.9178408225437928,0.9257281553398058
intends_to_watch,subjectesis,17,1009,153,275,0.9519134879082523,0.9489164086687307,0.9373571972581873,0.9477382520860782
intends_to_watch,subjectesis,18,1009,153,275,0.9519134879082523,0.9489164086687307,0.942022086824067,0.948273363921758
intends_to_watch,subjectesis,19,1009,153,275,0.9571490900024932,0.9571490900024932,0.9469725818735719,0.9554368932038835
intends_to_watch,subjectesis,20,1009,153,275,0.9631014709548741,0.9615617574430415,0.942022086824067,0.948273363921758
intends_to_watch,subjectesis,21,1009,153,275,0.9657192720019945,0.9657192720019945,0.9324067022086824,0.9405825242718446
intends_to_watch,subjectesis,22,1009,153,275,0.9597668910496135,0.9613045449570832,0.9324067022086824,0.9405825242718446
intends_to_watch,subjectesis,23,1009,153,275,0.9571490900024932,0.9571490900024932,0.942022086824067,0.948273363921758
intends_to_watch,subjectesis,24,1009,153,275,0.9597668910496135,0.9613045449570832,0.942022086824067,0.948273363921758
intends_to_watch,subjectesis,25,1009,153,275,0.9597668910496135,0.9613045449570832,0.942022086824067,0.948273363921758
intends_to_watch,subjectesis,26,1009,153,275,0.9657192720019945,0.9657192720019945,0.942022086824067,0.948273363921758
intends_to_watch,subjectesis,27,1009,153,275,0.9597668910496135,0.9613045449570832,0.942022086824067,0.948273363921758
intends_to_watch,subjectesis,28,1009,153,275,0.9657192720019945,0.9657192720019945,0.9469725818735719,0.9554368932038835
intends_to_watch,subjectesis,29,1009,153,275,0.968337073049115,0.9699035349666203,0.942022086824067,0.948273363921758
intends_to_watch,subjectesis,30,1009,153,275,0.968337073049115,0.9699035349666203,0.942022086824067,0.948273363921758
intends_to_watch,subjectesis,31,1009,153,275,0.968337073049115,0.9699035349666203,0.942022086824067,0.948273363921758
intends_to_watch,subjectesis,32,1009,153,275,0.9657192720019945,0.9657192720019945,0.9516374714394517,0.9558823529411764
