record_id,cluster,family,transition,raw_answer_changed,parsed_answer_changed,initial_valid,review_valid,decision,claim_changed,citation_changed,initial_answer_finalizer_disagreement
74356138::location_cg_fo::0,74356138,location_cg_fo,right_to_right,False,False,True,True,preserve,False,False,False
74356138::location_cg_fo::1,74356138,location_cg_fo,right_to_right,False,False,True,True,preserve,False,False,False
74356138::location_cg_so::0,74356138,location_cg_so,right_to_right,False,False,True,True,revise,True,False,False
74356138::location_cg_so::1,74356138,location_cg_so,right_to_right,False,False,True,True,preserve,False,False,False
74356138::location_fg_fo::0,74356138,location_fg_fo,right_to_right,False,False,True,True,preserve,False,False,True
74356138::location_fg_fo::1,74356138,location_fg_fo,right_to_right,False,False,True,True,preserve,False,False,False
74356138::location_fg_fo::2,74356138,location_fg_fo,right_to_right,False,False,True,True,revise,True,False,False
74356138::location_fg_fo::3,74356138,location_fg_fo,right_to_right,False,False,True,True,preserve,False,False,False
74356138::location_fg_so::0,74356138,location_fg_so,wrong_to_wrong,False,False,True,True,preserve,False,False,False
74356138::location_fg_so::1,74356138,location_fg_so,right_to_right,False,False,True,True,preserve,False,False,False
74356138::multihop_fo::0,74356138,multihop_fo_fullness,right_to_right,False,False,True,True,revise,True,False,False
74356138::multihop_fo::1,74356138,multihop_fo_fullness,right_to_right,False,False,True,True,revise,True,False,False
74356138::multihop_fo::2,74356138,multihop_fo_fullness,wrong_to_wrong,False,False,True,True,revise,True,False,True
74356138::multihop_fo::3,74356138,multihop_fo_fullness,wrong_to_wrong,False,False,True,True,revise,False,False,False
74356138::multihop_fo::4,74356138,multihop_fo_accessibility,right_to_right,False,False,True,True,revise,True,False,False
74356138::multihop_fo::5,74356138,multihop_fo_accessibility,right_to_right,False,False,True,True,preserve,False,False,False
74356138::multihop_so::0,74356138,multihop_so_fullness,right_to_right,False,False,True,True,preserve,False,False,False
74356138::multihop_so::1,74356138,multihop_so_fullness,right_to_right,False,False,True,True,preserve,False,False,False
74356138::multihop_so::2,74356138,multihop_so_fullness,right_to_wrong,True,True,True,True,revise,True,False,False
74356138::multihop_so::3,74356138,multihop_so_fullness,right_to_right,False,False,True,True,revise,True,True,False
74356138::multihop_so::4,74356138,multihop_so_accessibility,right_to_right,False,False,True,True,preserve,False,False,False
74356138::multihop_so::5,74356138,multihop_so_accessibility,right_to_right,False,False,True,True,revise,True,False,False
74356138::attitude::0,74356138,attitude,right_to_right,False,False,True,True,preserve,False,False,False
99473854::location_cg_fo::0,99473854,location_cg_fo,right_to_right,False,False,True,True,revise,False,False,False
99473854::location_cg_fo::1,99473854,location_cg_fo,wrong_to_wrong,False,False,True,True,revise,True,False,True
99473854::location_cg_so::0,99473854,location_cg_so,right_to_right,False,False,True,True,revise,True,False,False
99473854::location_cg_so::1,99473854,location_cg_so,wrong_to_wrong,False,False,True,True,revise,True,True,True
99473854::location_fg_fo::0,99473854,location_fg_fo,right_to_right,False,False,True,True,preserve,False,False,False
99473854::location_fg_fo::1,99473854,location_fg_fo,wrong_to_wrong,False,False,True,True,preserve,False,False,True
99473854::location_fg_fo::2,99473854,location_fg_fo,right_to_right,False,False,True,True,preserve,False,False,True
99473854::location_fg_fo::3,99473854,location_fg_fo,wrong_to_wrong,False,False,True,True,preserve,False,False,False
99473854::location_fg_so::0,99473854,location_fg_so,wrong_to_wrong,True,True,True,True,revise,True,True,False
99473854::location_fg_so::1,99473854,location_fg_so,wrong_to_wrong,False,False,True,True,preserve,False,False,False
99473854::multihop_fo::0,99473854,multihop_fo_fullness,right_to_right,False,False,True,True,revise,True,True,False
99473854::multihop_fo::1,99473854,multihop_fo_fullness,right_to_right,False,False,True,True,revise,False,False,True
99473854::multihop_fo::2,99473854,multihop_fo_fullness,right_to_right,False,False,True,True,revise,True,True,False
99473854::multihop_fo::3,99473854,multihop_fo_fullness,wrong_to_wrong,False,False,True,True,revise,False,False,True
99473854::multihop_fo::4,99473854,multihop_fo_accessibility,right_to_right,False,False,True,True,preserve,False,False,False
99473854::multihop_fo::5,99473854,multihop_fo_accessibility,wrong_to_wrong,False,False,True,True,revise,True,False,False
99473854::multihop_so::0,99473854,multihop_so_fullness,wrong_to_wrong,False,False,True,True,revise,False,False,True
99473854::multihop_so::1,99473854,multihop_so_fullness,wrong_to_wrong,False,False,True,True,revise,True,False,False
99473854::multihop_so::2,99473854,multihop_so_fullness,wrong_to_wrong,False,False,True,True,revise,True,False,False
99473854::multihop_so::3,99473854,multihop_so_fullness,wrong_to_wrong,False,False,True,True,revise,True,False,False
99473854::multihop_so::4,99473854,multihop_so_accessibility,right_to_right,False,False,True,True,preserve,False,False,False
99473854::multihop_so::5,99473854,multihop_so_accessibility,wrong_to_wrong,False,False,True,True,preserve,False,False,False
99473854::attitude::0,99473854,attitude,wrong_to_wrong,False,False,True,True,revise,False,False,True
13695961::location_cg_fo::0,13695961,location_cg_fo,right_to_right,False,False,True,True,revise,True,False,False
13695961::location_cg_fo::1,13695961,location_cg_fo,wrong_to_wrong,False,False,True,True,revise,True,True,False
13695961::location_cg_so::0,13695961,location_cg_so,right_to_right,False,False,True,True,revise,True,False,True
13695961::location_cg_so::1,13695961,location_cg_so,wrong_to_wrong,False,False,True,True,revise,False,False,False
13695961::location_fg_fo::0,13695961,location_fg_fo,right_to_right,False,False,True,True,preserve,False,False,False
13695961::location_fg_fo::1,13695961,location_fg_fo,wrong_to_wrong,False,False,True,True,revise,False,False,False
13695961::location_fg_fo::2,13695961,location_fg_fo,right_to_right,False,False,True,True,preserve,False,False,False
13695961::location_fg_fo::3,13695961,location_fg_fo,wrong_to_wrong,False,False,True,True,revise,False,False,True
13695961::location_fg_so::0,13695961,location_fg_so,wrong_to_wrong,True,True,True,True,revise,True,False,False
13695961::location_fg_so::1,13695961,location_fg_so,wrong_to_wrong,False,False,True,True,preserve,False,False,False
13695961::multihop_fo::0,13695961,multihop_fo_fullness,wrong_to_wrong,False,False,True,True,revise,True,True,True
13695961::multihop_fo::1,13695961,multihop_fo_fullness,right_to_right,False,False,True,True,revise,False,False,True
13695961::multihop_fo::2,13695961,multihop_fo_fullness,right_to_right,False,False,True,True,preserve,False,False,False
13695961::multihop_fo::3,13695961,multihop_fo_fullness,wrong_to_wrong,False,False,True,True,revise,False,False,True
13695961::multihop_fo::4,13695961,multihop_fo_accessibility,right_to_right,False,False,True,True,revise,True,False,False
13695961::multihop_fo::5,13695961,multihop_fo_accessibility,wrong_to_wrong,False,False,True,True,revise,False,False,True
13695961::multihop_so::0,13695961,multihop_so_fullness,wrong_to_wrong,False,False,True,True,revise,False,False,True
13695961::multihop_so::1,13695961,multihop_so_fullness,wrong_to_wrong,False,False,True,True,revise,False,False,True
13695961::multihop_so::2,13695961,multihop_so_fullness,right_to_right,False,False,True,True,revise,False,False,True
13695961::multihop_so::3,13695961,multihop_so_fullness,wrong_to_wrong,False,False,True,True,revise,False,False,True
13695961::multihop_so::4,13695961,multihop_so_accessibility,right_to_wrong,True,True,True,True,revise,True,False,False
13695961::multihop_so::5,13695961,multihop_so_accessibility,wrong_to_wrong,False,False,True,True,revise,False,False,True
13695961::attitude::0,13695961,attitude,wrong_to_wrong,False,False,True,True,revise,False,False,True
98132318::location_cg_fo::0,98132318,location_cg_fo,right_to_right,False,False,True,True,preserve,False,False,False
98132318::location_cg_fo::1,98132318,location_cg_fo,wrong_to_wrong,False,False,True,True,revise,True,False,False
98132318::location_cg_so::0,98132318,location_cg_so,right_to_right,False,False,True,True,revise,True,False,True
98132318::location_cg_so::1,98132318,location_cg_so,wrong_to_wrong,False,False,True,True,revise,True,False,False
98132318::location_fg_fo::0,98132318,location_fg_fo,right_to_right,False,False,True,True,preserve,False,False,False
98132318::location_fg_fo::1,98132318,location_fg_fo,wrong_to_wrong,False,False,True,True,preserve,False,False,False
98132318::location_fg_fo::2,98132318,location_fg_fo,right_to_right,False,False,True,True,preserve,False,False,False
98132318::location_fg_fo::3,98132318,location_fg_fo,wrong_to_wrong,False,False,True,True,revise,True,True,True
98132318::location_fg_so::0,98132318,location_fg_so,wrong_to_wrong,False,False,True,True,revise,False,True,False
98132318::location_fg_so::1,98132318,location_fg_so,wrong_to_wrong,False,False,True,True,preserve,False,False,False
98132318::multihop_fo::0,98132318,multihop_fo_fullness,right_to_right,False,False,True,True,revise,False,False,False
98132318::multihop_fo::1,98132318,multihop_fo_fullness,right_to_right,False,False,True,True,revise,False,False,True
98132318::multihop_fo::2,98132318,multihop_fo_fullness,right_to_right,False,False,True,True,preserve,False,False,False
98132318::multihop_fo::3,98132318,multihop_fo_fullness,wrong_to_wrong,False,False,True,True,revise,False,False,True
98132318::multihop_fo::4,98132318,multihop_fo_accessibility,right_to_right,False,False,True,True,preserve,False,False,False
98132318::multihop_fo::5,98132318,multihop_fo_accessibility,wrong_to_wrong,False,False,True,True,revise,True,False,False
98132318::multihop_so::0,98132318,multihop_so_fullness,wrong_to_wrong,False,False,True,True,revise,False,False,True
98132318::multihop_so::1,98132318,multihop_so_fullness,wrong_to_right,True,True,True,True,revise,True,True,True
98132318::multihop_so::2,98132318,multihop_so_fullness,right_to_right,False,False,True,True,revise,False,False,True
98132318::multihop_so::3,98132318,multihop_so_fullness,wrong_to_wrong,False,False,True,True,revise,False,False,True
98132318::multihop_so::4,98132318,multihop_so_accessibility,right_to_right,False,False,True,True,revise,True,False,False
98132318::multihop_so::5,98132318,multihop_so_accessibility,wrong_to_wrong,False,False,True,True,preserve,False,False,False
98132318::attitude::0,98132318,attitude,right_to_right,False,False,True,True,revise,False,False,True
61757120::location_cg_fo::0,61757120,location_cg_fo,right_to_right,False,False,True,True,revise,True,False,False
61757120::location_cg_fo::1,61757120,location_cg_fo,right_to_right,False,False,True,True,revise,True,False,False
61757120::location_cg_so::0,61757120,location_cg_so,wrong_to_wrong,False,False,True,True,revise,True,False,False
61757120::location_cg_so::1,61757120,location_cg_so,right_to_right,False,False,True,True,revise,True,False,False
61757120::location_fg_fo::0,61757120,location_fg_fo,right_to_right,False,False,True,True,revise,False,False,False
61757120::location_fg_fo::1,61757120,location_fg_fo,wrong_to_wrong,False,False,True,True,revise,False,False,False
61757120::location_fg_fo::2,61757120,location_fg_fo,right_to_right,False,False,True,True,preserve,False,False,False
61757120::location_fg_fo::3,61757120,location_fg_fo,right_to_right,False,False,True,True,preserve,False,False,False
61757120::location_fg_so::0,61757120,location_fg_so,wrong_to_wrong,False,False,True,True,preserve,False,False,True
61757120::location_fg_so::1,61757120,location_fg_so,right_to_right,False,False,True,True,preserve,False,False,False
61757120::multihop_fo::0,61757120,multihop_fo_fullness,right_to_right,False,False,True,True,revise,True,True,False
61757120::multihop_fo::1,61757120,multihop_fo_fullness,right_to_right,False,False,True,True,revise,False,False,True
61757120::multihop_fo::2,61757120,multihop_fo_fullness,right_to_right,False,False,True,True,revise,True,True,True
61757120::multihop_fo::3,61757120,multihop_fo_fullness,right_to_right,False,False,True,True,revise,False,False,True
61757120::multihop_fo::4,61757120,multihop_fo_accessibility,right_to_right,False,False,True,True,revise,True,False,False
61757120::multihop_fo::5,61757120,multihop_fo_accessibility,right_to_right,False,False,True,True,revise,False,False,False
61757120::multihop_so::0,61757120,multihop_so_fullness,wrong_to_wrong,False,False,True,True,revise,False,False,True
61757120::multihop_so::1,61757120,multihop_so_fullness,right_to_right,False,False,True,True,preserve,False,False,False
61757120::multihop_so::2,61757120,multihop_so_fullness,right_to_right,False,False,True,True,revise,False,False,True
61757120::multihop_so::3,61757120,multihop_so_fullness,right_to_right,False,False,True,True,revise,False,False,True
61757120::multihop_so::4,61757120,multihop_so_accessibility,right_to_right,False,False,True,True,revise,True,False,False
61757120::multihop_so::5,61757120,multihop_so_accessibility,right_to_right,False,False,True,True,revise,True,False,False
61757120::attitude::0,61757120,attitude,right_to_right,False,False,True,True,revise,True,False,True
90768647::location_cg_fo::0,90768647,location_cg_fo,right_to_right,False,False,True,True,revise,False,False,False
90768647::location_cg_fo::1,90768647,location_cg_fo,wrong_to_wrong,False,False,True,True,revise,True,False,True
90768647::location_cg_so::0,90768647,location_cg_so,wrong_to_wrong,False,False,True,True,revise,True,False,True
90768647::location_cg_so::1,90768647,location_cg_so,wrong_to_wrong,False,False,True,True,revise,True,False,True
90768647::location_fg_fo::0,90768647,location_fg_fo,right_to_right,False,False,True,True,preserve,False,False,False
90768647::location_fg_fo::1,90768647,location_fg_fo,right_to_right,False,False,True,True,preserve,False,False,True
90768647::location_fg_fo::2,90768647,location_fg_fo,right_to_right,False,False,True,True,preserve,False,False,False
90768647::location_fg_fo::3,90768647,location_fg_fo,wrong_to_wrong,False,False,True,True,revise,True,False,False
90768647::location_fg_so::0,90768647,location_fg_so,right_to_wrong,True,True,True,True,revise,True,True,True
90768647::location_fg_so::1,90768647,location_fg_so,wrong_to_wrong,False,False,True,True,revise,False,False,True
90768647::multihop_fo::0,90768647,multihop_fo_fullness,right_to_right,False,False,True,True,revise,False,False,False
90768647::multihop_fo::1,90768647,multihop_fo_fullness,wrong_to_wrong,False,False,True,True,revise,True,True,True
90768647::multihop_fo::2,90768647,multihop_fo_fullness,right_to_right,False,False,True,True,revise,True,False,False
90768647::multihop_fo::3,90768647,multihop_fo_fullness,right_to_right,False,False,True,True,revise,False,True,False
90768647::multihop_fo::4,90768647,multihop_fo_accessibility,right_to_right,False,False,True,True,revise,True,False,False
90768647::multihop_fo::5,90768647,multihop_fo_accessibility,wrong_to_wrong,False,False,True,True,revise,False,False,False
90768647::multihop_so::0,90768647,multihop_so_fullness,wrong_to_wrong,False,False,True,True,revise,True,False,False
90768647::multihop_so::1,90768647,multihop_so_fullness,wrong_to_wrong,False,False,True,True,revise,False,False,True
90768647::multihop_so::2,90768647,multihop_so_fullness,wrong_to_wrong,False,False,True,True,revise,True,False,False
90768647::multihop_so::3,90768647,multihop_so_fullness,wrong_to_wrong,False,False,True,True,preserve,False,False,False
90768647::multihop_so::4,90768647,multihop_so_accessibility,wrong_to_right,True,True,True,True,revise,True,False,False
90768647::multihop_so::5,90768647,multihop_so_accessibility,wrong_to_wrong,False,False,True,True,revise,True,False,False
90768647::attitude::0,90768647,attitude,wrong_to_wrong,False,False,True,True,revise,False,False,True
32725756::location_cg_fo::0,32725756,location_cg_fo,right_to_right,False,False,True,True,preserve,False,False,False
32725756::location_cg_fo::1,32725756,location_cg_fo,wrong_to_wrong,False,False,True,True,revise,True,False,True
32725756::location_cg_so::0,32725756,location_cg_so,wrong_to_wrong,False,False,True,True,revise,True,False,True
32725756::location_cg_so::1,32725756,location_cg_so,wrong_to_wrong,False,False,True,True,revise,True,False,False
32725756::location_fg_fo::0,32725756,location_fg_fo,right_to_right,False,False,True,True,revise,False,False,False
32725756::location_fg_fo::1,32725756,location_fg_fo,wrong_to_wrong,False,False,True,True,preserve,False,False,False
32725756::location_fg_fo::2,32725756,location_fg_fo,right_to_right,False,False,True,True,preserve,False,False,False
32725756::location_fg_fo::3,32725756,location_fg_fo,wrong_to_wrong,False,False,True,True,revise,False,False,False
32725756::location_fg_so::0,32725756,location_fg_so,wrong_to_wrong,True,False,True,True,revise,True,False,False
32725756::location_fg_so::1,32725756,location_fg_so,wrong_to_wrong,False,False,True,True,preserve,False,False,False
32725756::multihop_fo::0,32725756,multihop_fo_fullness,right_to_right,False,False,True,True,revise,True,False,False
32725756::multihop_fo::1,32725756,multihop_fo_fullness,wrong_to_wrong,False,False,True,True,revise,False,False,True
32725756::multihop_fo::2,32725756,multihop_fo_fullness,right_to_right,False,False,True,True,preserve,False,False,False
32725756::multihop_fo::3,32725756,multihop_fo_fullness,wrong_to_wrong,False,False,True,True,revise,False,True,False
32725756::multihop_fo::4,32725756,multihop_fo_accessibility,right_to_right,False,False,True,True,revise,True,False,False
32725756::multihop_fo::5,32725756,multihop_fo_accessibility,wrong_to_wrong,False,False,True,True,revise,True,False,False
32725756::multihop_so::0,32725756,multihop_so_fullness,wrong_to_right,True,True,True,True,revise,True,False,False
32725756::multihop_so::1,32725756,multihop_so_fullness,wrong_to_wrong,False,False,True,True,preserve,False,False,False
32725756::multihop_so::2,32725756,multihop_so_fullness,wrong_to_wrong,False,False,True,True,revise,True,False,False
32725756::multihop_so::3,32725756,multihop_so_fullness,wrong_to_wrong,False,False,True,True,preserve,False,False,False
32725756::multihop_so::4,32725756,multihop_so_accessibility,right_to_right,False,False,True,True,revise,True,False,False
32725756::multihop_so::5,32725756,multihop_so_accessibility,wrong_to_wrong,False,False,True,True,revise,True,False,True
32725756::attitude::0,32725756,attitude,wrong_to_wrong,False,False,True,True,revise,True,False,False
40349564::location_cg_fo::0,40349564,location_cg_fo,right_to_right,False,False,True,True,preserve,False,False,False
40349564::location_cg_fo::1,40349564,location_cg_fo,right_to_right,False,False,True,True,revise,False,False,False
40349564::location_cg_so::0,40349564,location_cg_so,wrong_to_wrong,False,False,True,True,revise,True,True,False
40349564::location_cg_so::1,40349564,location_cg_so,right_to_right,False,False,True,True,revise,True,False,False
40349564::location_fg_fo::0,40349564,location_fg_fo,wrong_to_wrong,False,False,True,True,preserve,False,False,True
40349564::location_fg_fo::1,40349564,location_fg_fo,wrong_to_wrong,False,False,True,True,preserve,False,False,False
40349564::location_fg_fo::2,40349564,location_fg_fo,right_to_right,False,False,True,True,preserve,False,False,False
40349564::location_fg_fo::3,40349564,location_fg_fo,right_to_right,False,False,True,True,preserve,False,False,False
40349564::location_fg_so::0,40349564,location_fg_so,wrong_to_wrong,False,False,True,True,preserve,False,False,False
40349564::location_fg_so::1,40349564,location_fg_so,right_to_right,False,False,True,True,preserve,False,False,False
40349564::multihop_fo::0,40349564,multihop_fo_fullness,right_to_right,False,False,True,True,revise,False,False,True
40349564::multihop_fo::1,40349564,multihop_fo_fullness,wrong_to_wrong,False,False,True,True,revise,False,False,False
40349564::multihop_fo::2,40349564,multihop_fo_fullness,right_to_right,False,False,True,True,preserve,False,False,False
40349564::multihop_fo::3,40349564,multihop_fo_fullness,right_to_right,False,False,True,True,revise,False,False,True
40349564::multihop_fo::4,40349564,multihop_fo_accessibility,right_to_right,False,False,True,True,preserve,False,False,False
40349564::multihop_fo::5,40349564,multihop_fo_accessibility,right_to_right,False,False,True,True,revise,True,False,False
40349564::multihop_so::0,40349564,multihop_so_fullness,wrong_to_wrong,False,False,True,True,revise,False,False,False
40349564::multihop_so::1,40349564,multihop_so_fullness,wrong_to_wrong,False,False,True,True,revise,False,False,False
40349564::multihop_so::2,40349564,multihop_so_fullness,right_to_right,False,False,True,True,preserve,False,False,False
40349564::multihop_so::3,40349564,multihop_so_fullness,right_to_right,False,False,True,True,preserve,False,False,False
40349564::multihop_so::4,40349564,multihop_so_accessibility,right_to_right,False,False,True,True,preserve,False,False,False
40349564::multihop_so::5,40349564,multihop_so_accessibility,right_to_right,False,False,True,True,preserve,False,False,False
40349564::attitude::0,40349564,attitude,right_to_right,False,False,True,True,revise,True,False,False
43999533::location_cg_fo::0,43999533,location_cg_fo,right_to_right,False,False,True,True,revise,True,False,False
43999533::location_cg_fo::1,43999533,location_cg_fo,right_to_right,False,False,True,True,preserve,False,False,False
43999533::location_cg_so::0,43999533,location_cg_so,right_to_right,False,False,True,True,revise,True,False,False
43999533::location_cg_so::1,43999533,location_cg_so,right_to_right,False,False,True,True,preserve,False,False,False
43999533::location_fg_fo::0,43999533,location_fg_fo,right_to_right,False,False,True,True,preserve,False,False,False
43999533::location_fg_fo::1,43999533,location_fg_fo,wrong_to_wrong,False,False,True,True,preserve,False,False,False
43999533::location_fg_fo::2,43999533,location_fg_fo,right_to_right,False,False,True,True,preserve,False,False,False
43999533::location_fg_fo::3,43999533,location_fg_fo,right_to_right,False,False,True,True,preserve,False,False,False
43999533::location_fg_so::0,43999533,location_fg_so,right_to_right,False,False,True,True,preserve,False,False,False
43999533::location_fg_so::1,43999533,location_fg_so,right_to_right,False,False,True,True,preserve,False,False,False
43999533::multihop_fo::0,43999533,multihop_fo_fullness,right_to_right,False,False,True,True,revise,True,True,False
43999533::multihop_fo::1,43999533,multihop_fo_fullness,right_to_right,False,False,True,True,revise,False,False,False
43999533::multihop_fo::2,43999533,multihop_fo_fullness,right_to_right,False,False,True,True,revise,True,True,True
43999533::multihop_fo::3,43999533,multihop_fo_fullness,right_to_right,False,False,True,True,revise,False,False,True
43999533::multihop_fo::4,43999533,multihop_fo_accessibility,right_to_right,False,False,True,True,revise,True,False,False
43999533::multihop_fo::5,43999533,multihop_fo_accessibility,wrong_to_wrong,False,False,True,True,revise,True,False,False
43999533::multihop_so::0,43999533,multihop_so_fullness,wrong_to_right,True,True,True,True,revise,True,True,True
43999533::multihop_so::1,43999533,multihop_so_fullness,right_to_right,False,False,True,True,revise,False,False,False
43999533::multihop_so::2,43999533,multihop_so_fullness,right_to_right,False,False,True,True,revise,True,True,True
43999533::multihop_so::3,43999533,multihop_so_fullness,right_to_right,False,False,True,True,preserve,False,False,False
43999533::multihop_so::4,43999533,multihop_so_accessibility,right_to_right,False,False,True,True,revise,True,False,True
43999533::multihop_so::5,43999533,multihop_so_accessibility,right_to_wrong,True,True,True,True,revise,True,False,False
43999533::attitude::0,43999533,attitude,wrong_to_wrong,False,False,True,True,revise,False,False,False
86737383::location_cg_fo::0,86737383,location_cg_fo,right_to_right,False,False,True,True,revise,True,False,False
86737383::location_cg_fo::1,86737383,location_cg_fo,right_to_right,False,False,True,True,revise,True,False,False
86737383::location_cg_so::0,86737383,location_cg_so,wrong_to_wrong,False,False,True,True,revise,True,False,True
86737383::location_cg_so::1,86737383,location_cg_so,right_to_right,False,False,True,True,revise,True,False,False
86737383::location_fg_fo::0,86737383,location_fg_fo,wrong_to_wrong,False,False,True,True,preserve,False,False,False
86737383::location_fg_fo::1,86737383,location_fg_fo,right_to_right,False,False,True,True,preserve,False,False,False
86737383::location_fg_fo::2,86737383,location_fg_fo,wrong_to_wrong,False,False,True,True,preserve,False,False,False
86737383::location_fg_fo::3,86737383,location_fg_fo,wrong_to_wrong,False,False,True,True,revise,True,False,False
86737383::location_fg_so::0,86737383,location_fg_so,right_to_right,False,False,True,True,preserve,False,False,False
86737383::location_fg_so::1,86737383,location_fg_so,wrong_to_wrong,False,False,True,True,preserve,False,False,False
86737383::multihop_fo::0,86737383,multihop_fo_fullness,right_to_right,False,False,True,True,preserve,False,False,False
86737383::multihop_fo::1,86737383,multihop_fo_fullness,right_to_right,False,False,True,True,revise,False,False,False
86737383::multihop_fo::2,86737383,multihop_fo_fullness,wrong_to_wrong,False,False,True,True,revise,True,True,False
86737383::multihop_fo::3,86737383,multihop_fo_fullness,wrong_to_wrong,False,False,True,True,revise,True,True,False
86737383::multihop_fo::4,86737383,multihop_fo_accessibility,right_to_right,False,False,True,True,preserve,False,False,False
86737383::multihop_fo::5,86737383,multihop_fo_accessibility,right_to_right,False,False,True,True,revise,False,False,False
86737383::multihop_so::0,86737383,multihop_so_fullness,wrong_to_wrong,False,False,True,True,preserve,False,False,False
86737383::multihop_so::1,86737383,multihop_so_fullness,right_to_right,False,False,True,True,preserve,False,False,False
86737383::multihop_so::2,86737383,multihop_so_fullness,wrong_to_right,True,True,True,True,revise,True,False,False
86737383::multihop_so::3,86737383,multihop_so_fullness,wrong_to_wrong,False,False,True,True,revise,False,False,False
86737383::multihop_so::4,86737383,multihop_so_accessibility,right_to_right,False,False,True,True,preserve,False,False,False
86737383::multihop_so::5,86737383,multihop_so_accessibility,right_to_right,False,False,True,True,preserve,False,False,False
86737383::attitude::0,86737383,attitude,right_to_right,False,False,True,True,revise,True,False,False
51542436::location_cg_fo::0,51542436,location_cg_fo,right_to_right,False,False,True,True,revise,False,False,False
51542436::location_cg_fo::1,51542436,location_cg_fo,wrong_to_wrong,False,False,True,True,preserve,False,False,False
51542436::location_cg_so::0,51542436,location_cg_so,right_to_right,False,False,True,True,revise,True,False,False
51542436::location_cg_so::1,51542436,location_cg_so,wrong_to_wrong,False,False,True,True,revise,True,True,False
51542436::location_fg_fo::0,51542436,location_fg_fo,right_to_right,False,False,True,True,preserve,False,False,False
51542436::location_fg_fo::1,51542436,location_fg_fo,right_to_right,False,False,True,True,preserve,False,False,False
51542436::location_fg_fo::2,51542436,location_fg_fo,right_to_right,False,False,True,True,preserve,False,False,False
51542436::location_fg_fo::3,51542436,location_fg_fo,right_to_right,False,False,True,True,revise,False,False,False
51542436::location_fg_so::0,51542436,location_fg_so,wrong_to_wrong,False,False,True,True,revise,True,True,True
51542436::location_fg_so::1,51542436,location_fg_so,wrong_to_wrong,False,False,True,True,preserve,False,False,False
51542436::multihop_fo::0,51542436,multihop_fo_fullness,right_to_right,False,False,True,True,revise,False,False,True
51542436::multihop_fo::1,51542436,multihop_fo_fullness,wrong_to_wrong,False,False,True,True,revise,False,False,True
51542436::multihop_fo::2,51542436,multihop_fo_fullness,right_to_right,False,False,True,True,revise,True,True,True
51542436::multihop_fo::3,51542436,multihop_fo_fullness,wrong_to_wrong,False,False,True,True,revise,False,False,False
51542436::multihop_fo::4,51542436,multihop_fo_accessibility,right_to_right,False,False,True,True,preserve,False,False,False
51542436::multihop_fo::5,51542436,multihop_fo_accessibility,wrong_to_wrong,False,False,True,True,revise,True,False,False
51542436::multihop_so::0,51542436,multihop_so_fullness,right_to_wrong,True,True,True,True,revise,True,True,True
51542436::multihop_so::1,51542436,multihop_so_fullness,wrong_to_wrong,False,False,True,True,revise,False,False,True
51542436::multihop_so::2,51542436,multihop_so_fullness,right_to_wrong,True,True,True,True,revise,True,True,True
51542436::multihop_so::3,51542436,multihop_so_fullness,wrong_to_wrong,False,False,True,True,revise,False,False,True
51542436::multihop_so::4,51542436,multihop_so_accessibility,right_to_right,False,False,True,True,revise,False,False,True
51542436::multihop_so::5,51542436,multihop_so_accessibility,wrong_to_wrong,False,False,True,True,revise,False,False,True
51542436::attitude::0,51542436,attitude,right_to_right,False,False,True,True,revise,True,True,False
10197775::location_cg_fo::0,10197775,location_cg_fo,right_to_right,False,False,True,True,revise,False,False,False
10197775::location_cg_fo::1,10197775,location_cg_fo,wrong_to_wrong,False,False,True,True,revise,False,False,False
10197775::location_cg_so::0,10197775,location_cg_so,wrong_to_wrong,False,False,True,True,revise,True,False,False
10197775::location_cg_so::1,10197775,location_cg_so,wrong_to_wrong,False,False,True,True,revise,False,False,False
10197775::location_fg_fo::0,10197775,location_fg_fo,right_to_right,False,False,True,True,preserve,False,False,True
10197775::location_fg_fo::1,10197775,location_fg_fo,right_to_right,False,False,True,True,preserve,False,False,False
10197775::location_fg_fo::2,10197775,location_fg_fo,right_to_right,False,False,True,True,preserve,False,False,False
10197775::location_fg_fo::3,10197775,location_fg_fo,wrong_to_wrong,False,False,True,True,revise,True,False,True
10197775::location_fg_so::0,10197775,location_fg_so,wrong_to_wrong,False,False,True,True,preserve,False,False,True
10197775::location_fg_so::1,10197775,location_fg_so,wrong_to_wrong,False,False,True,True,preserve,False,False,False
10197775::multihop_fo::0,10197775,multihop_fo_fullness,right_to_right,False,False,True,True,revise,True,True,True
10197775::multihop_fo::1,10197775,multihop_fo_fullness,right_to_right,False,False,True,True,revise,False,False,True
10197775::multihop_fo::2,10197775,multihop_fo_fullness,right_to_right,False,False,True,True,preserve,False,False,False
10197775::multihop_fo::3,10197775,multihop_fo_fullness,wrong_to_wrong,False,False,True,True,revise,False,True,False
10197775::multihop_fo::4,10197775,multihop_fo_accessibility,right_to_right,False,False,True,True,preserve,False,False,False
10197775::multihop_fo::5,10197775,multihop_fo_accessibility,wrong_to_wrong,False,False,True,True,revise,False,False,True
10197775::multihop_so::0,10197775,multihop_so_fullness,right_to_wrong,True,True,True,True,revise,True,True,True
10197775::multihop_so::1,10197775,multihop_so_fullness,right_to_wrong,True,True,True,True,revise,True,True,True
10197775::multihop_so::2,10197775,multihop_so_fullness,wrong_to_wrong,False,False,True,True,revise,True,True,True
10197775::multihop_so::3,10197775,multihop_so_fullness,wrong_to_wrong,False,False,True,True,preserve,False,False,False
10197775::multihop_so::4,10197775,multihop_so_accessibility,right_to_right,False,False,True,True,revise,True,False,False
10197775::multihop_so::5,10197775,multihop_so_accessibility,wrong_to_wrong,False,False,True,True,revise,True,False,False
10197775::attitude::0,10197775,attitude,wrong_to_wrong,False,False,True,True,revise,False,False,True
44119117::location_cg_fo::0,44119117,location_cg_fo,right_to_right,False,False,True,True,revise,False,False,False
44119117::location_cg_fo::1,44119117,location_cg_fo,right_to_right,False,False,True,True,preserve,False,False,False
44119117::location_cg_so::0,44119117,location_cg_so,wrong_to_wrong,False,False,True,True,revise,False,False,False
44119117::location_cg_so::1,44119117,location_cg_so,right_to_right,False,False,True,True,preserve,False,False,False
44119117::location_fg_fo::0,44119117,location_fg_fo,right_to_right,False,False,True,True,preserve,False,False,False
44119117::location_fg_fo::1,44119117,location_fg_fo,right_to_right,False,False,True,True,preserve,False,False,False
44119117::location_fg_fo::2,44119117,location_fg_fo,right_to_right,False,False,True,True,preserve,False,False,True
44119117::location_fg_fo::3,44119117,location_fg_fo,right_to_right,False,False,True,True,preserve,False,False,True
44119117::location_fg_so::0,44119117,location_fg_so,wrong_to_wrong,False,False,True,True,revise,False,False,False
44119117::location_fg_so::1,44119117,location_fg_so,right_to_right,False,False,True,True,preserve,False,False,False
44119117::multihop_fo::0,44119117,multihop_fo_fullness,right_to_right,False,False,True,True,revise,False,False,False
44119117::multihop_fo::1,44119117,multihop_fo_fullness,right_to_right,False,False,True,True,revise,False,False,False
44119117::multihop_fo::2,44119117,multihop_fo_fullness,right_to_right,False,False,True,True,revise,True,True,True
44119117::multihop_fo::3,44119117,multihop_fo_fullness,right_to_right,False,False,True,True,revise,False,False,True
44119117::multihop_fo::4,44119117,multihop_fo_accessibility,right_to_right,False,False,True,True,preserve,False,False,False
44119117::multihop_fo::5,44119117,multihop_fo_accessibility,right_to_right,False,False,True,True,revise,True,False,False
44119117::multihop_so::0,44119117,multihop_so_fullness,right_to_right,False,False,True,True,revise,True,False,False
44119117::multihop_so::1,44119117,multihop_so_fullness,right_to_right,False,False,True,True,preserve,False,False,False
44119117::multihop_so::2,44119117,multihop_so_fullness,right_to_right,False,False,True,True,revise,True,True,True
44119117::multihop_so::3,44119117,multihop_so_fullness,right_to_right,False,False,True,True,preserve,False,False,False
44119117::multihop_so::4,44119117,multihop_so_accessibility,right_to_right,False,False,True,True,preserve,False,False,False
44119117::multihop_so::5,44119117,multihop_so_accessibility,right_to_right,False,False,True,True,revise,False,False,False
44119117::attitude::0,44119117,attitude,right_to_right,False,False,True,True,revise,False,False,True
12976242::location_cg_fo::0,12976242,location_cg_fo,right_to_right,False,False,True,True,preserve,False,False,False
12976242::location_cg_fo::1,12976242,location_cg_fo,wrong_to_wrong,False,False,True,True,revise,True,False,True
12976242::location_cg_so::0,12976242,location_cg_so,wrong_to_wrong,False,False,True,True,revise,True,False,True
12976242::location_cg_so::1,12976242,location_cg_so,wrong_to_wrong,False,False,True,True,preserve,False,False,False
12976242::location_fg_fo::0,12976242,location_fg_fo,right_to_right,False,False,True,True,preserve,False,False,True
12976242::location_fg_fo::1,12976242,location_fg_fo,wrong_to_wrong,False,False,True,True,revise,False,False,True
12976242::location_fg_fo::2,12976242,location_fg_fo,right_to_right,False,False,True,True,preserve,False,False,True
12976242::location_fg_fo::3,12976242,location_fg_fo,wrong_to_wrong,False,False,True,True,preserve,False,False,False
12976242::location_fg_so::0,12976242,location_fg_so,wrong_to_wrong,False,False,True,True,revise,False,False,False
12976242::location_fg_so::1,12976242,location_fg_so,wrong_to_wrong,False,False,True,True,preserve,False,False,True
12976242::multihop_fo::0,12976242,multihop_fo_fullness,wrong_to_wrong,False,False,True,True,revise,False,False,True
12976242::multihop_fo::1,12976242,multihop_fo_fullness,right_to_right,False,False,True,True,revise,True,False,True
12976242::multihop_fo::2,12976242,multihop_fo_fullness,right_to_right,False,False,True,True,revise,True,False,False
12976242::multihop_fo::3,12976242,multihop_fo_fullness,wrong_to_wrong,False,False,True,True,preserve,False,False,False
12976242::multihop_fo::4,12976242,multihop_fo_accessibility,right_to_right,False,False,True,True,preserve,False,False,False
12976242::multihop_fo::5,12976242,multihop_fo_accessibility,wrong_to_wrong,False,False,True,True,revise,True,False,False
12976242::multihop_so::0,12976242,multihop_so_fullness,wrong_to_wrong,True,True,True,True,revise,True,False,False
12976242::multihop_so::1,12976242,multihop_so_fullness,right_to_wrong,True,True,True,True,revise,True,False,False
12976242::multihop_so::2,12976242,multihop_so_fullness,wrong_to_wrong,False,False,True,True,preserve,False,False,False
12976242::multihop_so::3,12976242,multihop_so_fullness,wrong_to_wrong,False,False,True,True,preserve,False,False,False
12976242::multihop_so::4,12976242,multihop_so_accessibility,right_to_right,False,False,True,True,preserve,False,False,False
12976242::multihop_so::5,12976242,multihop_so_accessibility,wrong_to_wrong,False,False,True,True,revise,True,False,False
12976242::attitude::0,12976242,attitude,wrong_to_wrong,False,False,True,True,revise,False,False,True
36735830::location_cg_fo::0,36735830,location_cg_fo,right_to_right,False,False,True,True,revise,False,False,False
36735830::location_cg_fo::1,36735830,location_cg_fo,wrong_to_wrong,False,False,True,True,revise,True,True,True
36735830::location_cg_so::0,36735830,location_cg_so,right_to_right,False,False,True,True,revise,True,False,False
36735830::location_cg_so::1,36735830,location_cg_so,wrong_to_wrong,False,False,True,True,revise,True,True,False
36735830::location_fg_fo::0,36735830,location_fg_fo,right_to_right,False,False,True,True,preserve,False,False,True
36735830::location_fg_fo::1,36735830,location_fg_fo,right_to_right,False,False,True,True,preserve,False,False,False
36735830::location_fg_fo::2,36735830,location_fg_fo,right_to_right,False,False,True,True,preserve,False,False,False
36735830::location_fg_fo::3,36735830,location_fg_fo,wrong_to_wrong,False,False,True,True,preserve,False,False,True
36735830::location_fg_so::0,36735830,location_fg_so,right_to_right,False,False,True,True,revise,False,False,False
36735830::location_fg_so::1,36735830,location_fg_so,wrong_to_wrong,False,False,True,True,preserve,False,False,False
36735830::multihop_fo::0,36735830,multihop_fo_fullness,right_to_right,False,False,True,True,preserve,False,False,False
36735830::multihop_fo::1,36735830,multihop_fo_fullness,wrong_to_wrong,False,False,True,True,revise,False,False,False
36735830::multihop_fo::2,36735830,multihop_fo_fullness,right_to_right,False,False,True,True,revise,True,True,True
36735830::multihop_fo::3,36735830,multihop_fo_fullness,wrong_to_wrong,False,False,True,True,revise,False,False,True
36735830::multihop_fo::4,36735830,multihop_fo_accessibility,wrong_to_wrong,False,False,True,True,preserve,False,False,False
36735830::multihop_fo::5,36735830,multihop_fo_accessibility,wrong_to_right,True,True,True,True,revise,True,False,False
36735830::multihop_so::0,36735830,multihop_so_fullness,wrong_to_wrong,False,False,True,True,preserve,False,False,False
36735830::multihop_so::1,36735830,multihop_so_fullness,wrong_to_wrong,False,False,True,True,preserve,False,False,False
36735830::multihop_so::2,36735830,multihop_so_fullness,right_to_right,False,False,True,True,preserve,False,False,False
36735830::multihop_so::3,36735830,multihop_so_fullness,wrong_to_wrong,False,False,True,True,preserve,False,False,False
36735830::multihop_so::4,36735830,multihop_so_accessibility,wrong_to_wrong,False,False,True,True,preserve,False,False,False
36735830::multihop_so::5,36735830,multihop_so_accessibility,wrong_to_wrong,False,False,True,True,revise,True,False,False
36735830::attitude::0,36735830,attitude,right_to_right,False,False,True,True,retain_unknown,False,False,True
78394024::location_cg_fo::0,78394024,location_cg_fo,right_to_right,False,False,True,True,preserve,False,False,False
78394024::location_cg_fo::1,78394024,location_cg_fo,wrong_to_wrong,False,False,True,True,revise,True,True,True
78394024::location_cg_so::0,78394024,location_cg_so,right_to_right,False,False,True,True,revise,True,False,True
78394024::location_cg_so::1,78394024,location_cg_so,wrong_to_wrong,False,False,True,True,revise,True,True,False
78394024::location_fg_fo::0,78394024,location_fg_fo,right_to_right,False,False,True,True,preserve,False,False,False
78394024::location_fg_fo::1,78394024,location_fg_fo,right_to_right,False,False,True,True,preserve,False,False,False
78394024::location_fg_fo::2,78394024,location_fg_fo,right_to_right,False,False,True,True,preserve,False,False,False
78394024::location_fg_fo::3,78394024,location_fg_fo,wrong_to_wrong,False,False,True,True,revise,True,True,True
78394024::location_fg_so::0,78394024,location_fg_so,wrong_to_wrong,False,False,True,True,revise,False,False,False
78394024::location_fg_so::1,78394024,location_fg_so,wrong_to_wrong,False,False,True,True,preserve,False,False,True
78394024::multihop_fo::0,78394024,multihop_fo_fullness,right_to_right,False,False,True,True,preserve,False,False,False
78394024::multihop_fo::1,78394024,multihop_fo_fullness,wrong_to_wrong,False,False,True,True,revise,False,True,True
78394024::multihop_fo::2,78394024,multihop_fo_fullness,right_to_right,False,False,True,True,preserve,False,False,False
78394024::multihop_fo::3,78394024,multihop_fo_fullness,wrong_to_wrong,False,False,True,True,revise,False,False,True
78394024::multihop_fo::4,78394024,multihop_fo_accessibility,right_to_right,False,False,True,True,revise,True,False,False
78394024::multihop_fo::5,78394024,multihop_fo_accessibility,wrong_to_right,True,True,True,True,revise,True,False,False
78394024::multihop_so::0,78394024,multihop_so_fullness,right_to_right,False,False,True,True,revise,False,False,True
78394024::multihop_so::1,78394024,multihop_so_fullness,wrong_to_wrong,False,False,True,True,preserve,False,False,False
78394024::multihop_so::2,78394024,multihop_so_fullness,right_to_right,False,False,True,True,preserve,False,False,False
78394024::multihop_so::3,78394024,multihop_so_fullness,wrong_to_wrong,False,False,True,True,preserve,False,False,False
78394024::multihop_so::4,78394024,multihop_so_accessibility,right_to_right,False,False,True,True,revise,True,True,False
78394024::multihop_so::5,78394024,multihop_so_accessibility,wrong_to_wrong,False,False,True,True,revise,True,False,False
78394024::attitude::0,78394024,attitude,wrong_to_wrong,False,False,True,True,revise,True,True,True
13369720::location_cg_fo::0,13369720,location_cg_fo,right_to_right,False,False,True,True,revise,False,False,False
13369720::location_cg_fo::1,13369720,location_cg_fo,right_to_right,False,False,True,True,revise,False,False,False
13369720::location_cg_so::0,13369720,location_cg_so,wrong_to_wrong,False,False,True,True,revise,True,False,True
13369720::location_cg_so::1,13369720,location_cg_so,right_to_right,False,False,True,True,revise,False,False,False
13369720::location_fg_fo::0,13369720,location_fg_fo,right_to_right,False,False,True,True,preserve,False,False,False
13369720::location_fg_fo::1,13369720,location_fg_fo,right_to_right,False,False,True,True,preserve,False,False,False
13369720::location_fg_fo::2,13369720,location_fg_fo,right_to_right,False,False,True,True,preserve,False,False,True
13369720::location_fg_fo::3,13369720,location_fg_fo,right_to_right,False,False,True,True,preserve,False,False,False
13369720::location_fg_so::0,13369720,location_fg_so,wrong_to_wrong,False,False,True,True,preserve,False,False,True
13369720::location_fg_so::1,13369720,location_fg_so,right_to_right,False,False,True,True,preserve,False,False,False
13369720::multihop_fo::0,13369720,multihop_fo_fullness,right_to_right,False,False,True,True,revise,True,True,False
13369720::multihop_fo::1,13369720,multihop_fo_fullness,right_to_right,False,False,True,True,revise,False,False,True
13369720::multihop_fo::2,13369720,multihop_fo_fullness,right_to_right,False,False,True,True,preserve,False,False,False
13369720::multihop_fo::3,13369720,multihop_fo_fullness,right_to_right,False,False,True,True,revise,False,False,True
13369720::multihop_fo::4,13369720,multihop_fo_accessibility,wrong_to_wrong,False,False,True,True,revise,True,False,False
13369720::multihop_fo::5,13369720,multihop_fo_accessibility,wrong_to_wrong,False,False,True,True,revise,True,False,False
13369720::multihop_so::0,13369720,multihop_so_fullness,wrong_to_wrong,False,False,True,True,revise,False,False,True
13369720::multihop_so::1,13369720,multihop_so_fullness,right_to_right,False,False,True,True,revise,False,False,False
13369720::multihop_so::2,13369720,multihop_so_fullness,wrong_to_wrong,False,False,True,True,revise,False,False,True
13369720::multihop_so::3,13369720,multihop_so_fullness,right_to_right,False,False,True,True,revise,True,False,False
13369720::multihop_so::4,13369720,multihop_so_accessibility,wrong_to_wrong,False,False,True,True,revise,True,False,False
13369720::multihop_so::5,13369720,multihop_so_accessibility,wrong_to_wrong,False,False,True,True,revise,True,False,False
13369720::attitude::0,13369720,attitude,right_to_right,False,False,True,True,revise,True,False,True
48498937::location_cg_fo::0,48498937,location_cg_fo,right_to_right,False,False,True,True,revise,False,False,False
48498937::location_cg_fo::1,48498937,location_cg_fo,wrong_to_wrong,False,False,True,True,preserve,False,False,False
48498937::location_cg_so::0,48498937,location_cg_so,wrong_to_wrong,False,False,True,True,revise,True,True,False
48498937::location_cg_so::1,48498937,location_cg_so,wrong_to_wrong,False,False,True,True,revise,True,False,False
48498937::location_fg_fo::0,48498937,location_fg_fo,right_to_right,False,False,True,True,preserve,False,False,False
48498937::location_fg_fo::1,48498937,location_fg_fo,wrong_to_wrong,False,False,True,True,preserve,False,False,False
48498937::location_fg_fo::2,48498937,location_fg_fo,right_to_right,False,False,True,True,preserve,False,False,False
48498937::location_fg_fo::3,48498937,location_fg_fo,wrong_to_wrong,False,False,True,True,revise,True,False,False
48498937::location_fg_so::0,48498937,location_fg_so,wrong_to_wrong,True,True,True,True,revise,True,False,True
48498937::location_fg_so::1,48498937,location_fg_so,wrong_to_wrong,False,False,True,True,preserve,False,False,False
48498937::multihop_fo::0,48498937,multihop_fo_fullness,right_to_right,False,False,True,True,revise,False,False,False
48498937::multihop_fo::1,48498937,multihop_fo_fullness,wrong_to_wrong,False,False,True,True,revise,False,False,False
48498937::multihop_fo::2,48498937,multihop_fo_fullness,right_to_right,False,False,True,True,revise,True,True,False
48498937::multihop_fo::3,48498937,multihop_fo_fullness,wrong_to_wrong,False,False,True,True,revise,False,False,True
48498937::multihop_fo::4,48498937,multihop_fo_accessibility,wrong_to_wrong,False,False,True,True,preserve,False,False,False
48498937::multihop_fo::5,48498937,multihop_fo_accessibility,wrong_to_wrong,False,False,True,True,revise,True,False,False
48498937::multihop_so::0,48498937,multihop_so_fullness,wrong_to_wrong,False,False,True,True,revise,True,True,True
48498937::multihop_so::1,48498937,multihop_so_fullness,wrong_to_wrong,False,False,True,True,preserve,False,False,False
48498937::multihop_so::2,48498937,multihop_so_fullness,wrong_to_wrong,False,False,True,True,preserve,False,False,False
48498937::multihop_so::3,48498937,multihop_so_fullness,wrong_to_wrong,False,False,True,True,revise,False,False,False
48498937::multihop_so::4,48498937,multihop_so_accessibility,wrong_to_wrong,False,False,True,True,revise,True,False,False
48498937::multihop_so::5,48498937,multihop_so_accessibility,wrong_to_wrong,False,False,True,True,revise,True,False,False
48498937::attitude::0,48498937,attitude,wrong_to_wrong,False,False,True,True,preserve,False,False,False
88535842::location_cg_fo::0,88535842,location_cg_fo,right_to_right,False,False,True,True,preserve,False,False,False
88535842::location_cg_fo::1,88535842,location_cg_fo,wrong_to_wrong,False,False,True,True,preserve,False,False,False
88535842::location_cg_so::0,88535842,location_cg_so,right_to_right,False,False,True,True,revise,True,False,False
88535842::location_cg_so::1,88535842,location_cg_so,wrong_to_wrong,False,False,True,True,revise,True,False,True
88535842::location_fg_fo::0,88535842,location_fg_fo,right_to_right,False,False,True,True,preserve,False,False,True
88535842::location_fg_fo::1,88535842,location_fg_fo,right_to_right,False,False,True,True,preserve,False,False,False
88535842::location_fg_fo::2,88535842,location_fg_fo,right_to_right,False,False,True,True,preserve,False,False,False
88535842::location_fg_fo::3,88535842,location_fg_fo,wrong_to_wrong,False,False,True,True,revise,False,False,True
88535842::location_fg_so::0,88535842,location_fg_so,wrong_to_wrong,True,True,True,True,revise,True,True,False
88535842::location_fg_so::1,88535842,location_fg_so,wrong_to_wrong,False,False,True,True,revise,False,False,True
88535842::multihop_fo::0,88535842,multihop_fo_fullness,right_to_right,False,False,True,True,revise,False,False,False
88535842::multihop_fo::1,88535842,multihop_fo_fullness,wrong_to_wrong,False,False,True,True,revise,False,False,False
88535842::multihop_fo::2,88535842,multihop_fo_fullness,wrong_to_wrong,False,False,True,True,revise,False,False,True
88535842::multihop_fo::3,88535842,multihop_fo_fullness,right_to_right,False,False,True,True,revise,False,False,True
88535842::multihop_fo::4,88535842,multihop_fo_accessibility,right_to_right,False,False,True,True,preserve,False,False,False
88535842::multihop_fo::5,88535842,multihop_fo_accessibility,wrong_to_wrong,False,False,True,True,preserve,False,False,False
88535842::multihop_so::0,88535842,multihop_so_fullness,wrong_to_wrong,False,False,True,True,preserve,False,False,False
88535842::multihop_so::1,88535842,multihop_so_fullness,wrong_to_wrong,False,False,True,True,revise,False,False,True
88535842::multihop_so::2,88535842,multihop_so_fullness,wrong_to_wrong,False,False,True,True,revise,False,False,True
88535842::multihop_so::3,88535842,multihop_so_fullness,wrong_to_wrong,False,False,True,True,revise,False,False,True
88535842::multihop_so::4,88535842,multihop_so_accessibility,right_to_right,False,False,True,True,preserve,False,False,False
88535842::multihop_so::5,88535842,multihop_so_accessibility,wrong_to_wrong,False,False,True,True,revise,False,False,False
88535842::attitude::0,88535842,attitude,wrong_to_wrong,False,False,True,True,revise,True,True,True
62157313::location_cg_fo::0,62157313,location_cg_fo,right_to_right,False,False,True,True,revise,False,False,False
62157313::location_cg_fo::1,62157313,location_cg_fo,wrong_to_wrong,False,False,True,True,revise,True,False,True
62157313::location_cg_so::0,62157313,location_cg_so,right_to_wrong,True,True,True,True,revise,True,False,False
62157313::location_cg_so::1,62157313,location_cg_so,wrong_to_wrong,False,False,True,True,revise,False,False,False
62157313::location_fg_fo::0,62157313,location_fg_fo,right_to_right,False,False,True,True,preserve,False,False,True
62157313::location_fg_fo::1,62157313,location_fg_fo,wrong_to_wrong,False,False,True,True,preserve,False,False,True
62157313::location_fg_fo::2,62157313,location_fg_fo,right_to_right,False,False,True,True,preserve,False,False,False
62157313::location_fg_fo::3,62157313,location_fg_fo,wrong_to_wrong,False,False,True,True,revise,False,False,False
62157313::location_fg_so::0,62157313,location_fg_so,right_to_right,True,False,True,True,revise,True,True,False
62157313::location_fg_so::1,62157313,location_fg_so,wrong_to_wrong,False,False,True,True,preserve,False,False,True
62157313::multihop_fo::0,62157313,multihop_fo_fullness,right_to_right,False,False,True,True,revise,True,False,False
62157313::multihop_fo::1,62157313,multihop_fo_fullness,wrong_to_wrong,False,False,True,True,revise,False,False,False
62157313::multihop_fo::2,62157313,multihop_fo_fullness,right_to_right,False,False,True,True,preserve,False,False,False
62157313::multihop_fo::3,62157313,multihop_fo_fullness,wrong_to_wrong,False,False,True,True,revise,False,False,False
62157313::multihop_fo::4,62157313,multihop_fo_accessibility,right_to_right,False,False,True,True,preserve,False,False,False
62157313::multihop_fo::5,62157313,multihop_fo_accessibility,wrong_to_wrong,False,False,True,True,revise,False,False,False
62157313::multihop_so::0,62157313,multihop_so_fullness,right_to_wrong,True,True,True,True,revise,True,True,False
62157313::multihop_so::1,62157313,multihop_so_fullness,wrong_to_wrong,False,False,True,True,revise,False,False,False
62157313::multihop_so::2,62157313,multihop_so_fullness,right_to_right,False,False,True,True,preserve,False,False,False
62157313::multihop_so::3,62157313,multihop_so_fullness,wrong_to_wrong,False,False,True,True,revise,True,False,False
62157313::multihop_so::4,62157313,multihop_so_accessibility,wrong_to_right,True,True,True,True,revise,True,False,False
62157313::multihop_so::5,62157313,multihop_so_accessibility,wrong_to_wrong,False,False,True,True,revise,False,False,True
62157313::attitude::0,62157313,attitude,wrong_to_wrong,False,False,True,True,revise,False,False,True
82931048::location_cg_fo::0,82931048,location_cg_fo,right_to_right,False,False,True,True,revise,False,False,False
82931048::location_cg_fo::1,82931048,location_cg_fo,wrong_to_wrong,False,False,True,True,revise,True,False,False
82931048::location_cg_so::0,82931048,location_cg_so,wrong_to_wrong,False,False,True,True,revise,True,False,True
82931048::location_cg_so::1,82931048,location_cg_so,wrong_to_wrong,False,False,True,True,revise,True,False,False
82931048::location_fg_fo::0,82931048,location_fg_fo,right_to_right,False,False,True,True,preserve,False,False,True
82931048::location_fg_fo::1,82931048,location_fg_fo,right_to_right,False,False,True,True,preserve,False,False,False
82931048::location_fg_fo::2,82931048,location_fg_fo,right_to_right,False,False,True,True,preserve,False,False,False
82931048::location_fg_fo::3,82931048,location_fg_fo,wrong_to_wrong,False,False,True,True,revise,False,False,False
82931048::location_fg_so::0,82931048,location_fg_so,right_to_wrong,True,True,True,True,revise,True,True,False
82931048::location_fg_so::1,82931048,location_fg_so,wrong_to_wrong,False,False,True,True,preserve,False,False,False
82931048::multihop_fo::0,82931048,multihop_fo_fullness,right_to_right,False,False,True,True,revise,False,False,False
82931048::multihop_fo::1,82931048,multihop_fo_fullness,wrong_to_wrong,False,False,True,True,revise,False,False,False
82931048::multihop_fo::2,82931048,multihop_fo_fullness,right_to_right,False,False,True,True,revise,False,False,False
82931048::multihop_fo::3,82931048,multihop_fo_fullness,right_to_right,False,False,True,True,revise,False,True,False
82931048::multihop_fo::4,82931048,multihop_fo_accessibility,wrong_to_wrong,False,False,True,True,revise,True,False,False
82931048::multihop_fo::5,82931048,multihop_fo_accessibility,wrong_to_wrong,False,False,True,True,preserve,False,False,False
82931048::multihop_so::0,82931048,multihop_so_fullness,wrong_to_wrong,False,False,True,True,preserve,False,False,False
82931048::multihop_so::1,82931048,multihop_so_fullness,wrong_to_wrong,False,False,True,True,preserve,False,False,False
82931048::multihop_so::2,82931048,multihop_so_fullness,wrong_to_wrong,False,False,True,True,preserve,False,False,False
82931048::multihop_so::3,82931048,multihop_so_fullness,wrong_to_wrong,False,False,True,True,preserve,False,False,False
82931048::multihop_so::4,82931048,multihop_so_accessibility,right_to_right,False,False,True,True,revise,True,False,False
82931048::multihop_so::5,82931048,multihop_so_accessibility,wrong_to_wrong,False,False,True,True,revise,True,False,False
82931048::attitude::0,82931048,attitude,wrong_to_wrong,False,False,True,True,revise,True,False,False
74447435::location_cg_fo::0,74447435,location_cg_fo,right_to_right,False,False,True,True,preserve,False,False,False
74447435::location_cg_fo::1,74447435,location_cg_fo,wrong_to_wrong,False,False,True,True,revise,True,False,True
74447435::location_cg_so::0,74447435,location_cg_so,wrong_to_wrong,False,False,True,True,revise,True,False,True
74447435::location_cg_so::1,74447435,location_cg_so,wrong_to_wrong,False,False,True,True,revise,False,False,False
74447435::location_fg_fo::0,74447435,location_fg_fo,right_to_right,False,False,True,True,revise,True,False,False
74447435::location_fg_fo::1,74447435,location_fg_fo,right_to_right,False,False,True,True,revise,False,False,False
74447435::location_fg_fo::2,74447435,location_fg_fo,right_to_right,False,False,True,True,preserve,False,False,False
74447435::location_fg_fo::3,74447435,location_fg_fo,wrong_to_wrong,False,False,True,True,revise,False,False,False
74447435::location_fg_so::0,74447435,location_fg_so,wrong_to_wrong,False,False,True,True,revise,True,False,False
74447435::location_fg_so::1,74447435,location_fg_so,wrong_to_wrong,False,False,True,True,preserve,False,False,False
74447435::multihop_fo::0,74447435,multihop_fo_fullness,right_to_right,False,False,True,True,revise,True,False,False
74447435::multihop_fo::1,74447435,multihop_fo_fullness,wrong_to_wrong,False,False,True,True,revise,False,False,False
74447435::multihop_fo::2,74447435,multihop_fo_fullness,right_to_right,False,False,True,True,preserve,False,False,False
74447435::multihop_fo::3,74447435,multihop_fo_fullness,right_to_right,False,False,True,True,revise,False,False,False
74447435::multihop_fo::4,74447435,multihop_fo_accessibility,right_to_right,False,False,True,True,preserve,False,False,False
74447435::multihop_fo::5,74447435,multihop_fo_accessibility,wrong_to_wrong,False,False,True,True,revise,False,False,False
74447435::multihop_so::0,74447435,multihop_so_fullness,wrong_to_wrong,False,False,True,True,revise,False,False,False
74447435::multihop_so::1,74447435,multihop_so_fullness,wrong_to_wrong,False,False,True,True,revise,False,False,True
74447435::multihop_so::2,74447435,multihop_so_fullness,wrong_to_wrong,False,False,True,True,revise,False,False,True
74447435::multihop_so::3,74447435,multihop_so_fullness,wrong_to_wrong,False,False,True,True,preserve,False,False,False
74447435::multihop_so::4,74447435,multihop_so_accessibility,right_to_right,False,False,True,True,revise,True,False,True
74447435::multihop_so::5,74447435,multihop_so_accessibility,wrong_to_wrong,False,False,True,True,preserve,False,False,False
74447435::attitude::0,74447435,attitude,right_to_right,False,False,True,True,revise,True,True,False
25192217::location_cg_fo::0,25192217,location_cg_fo,right_to_right,False,False,True,True,revise,True,False,False
25192217::location_cg_fo::1,25192217,location_cg_fo,wrong_to_wrong,False,False,True,True,revise,True,True,True
25192217::location_cg_so::0,25192217,location_cg_so,right_to_right,False,False,True,True,revise,True,False,True
25192217::location_cg_so::1,25192217,location_cg_so,wrong_to_wrong,False,False,True,True,revise,False,False,False
25192217::location_fg_fo::0,25192217,location_fg_fo,right_to_right,False,False,True,True,preserve,False,False,True
25192217::location_fg_fo::1,25192217,location_fg_fo,wrong_to_wrong,False,False,True,True,preserve,False,False,False
25192217::location_fg_fo::2,25192217,location_fg_fo,right_to_right,False,False,True,True,preserve,False,False,True
25192217::location_fg_fo::3,25192217,location_fg_fo,wrong_to_wrong,False,False,True,True,revise,False,False,True
25192217::location_fg_so::0,25192217,location_fg_so,right_to_wrong,True,True,True,True,revise,True,False,False
25192217::location_fg_so::1,25192217,location_fg_so,wrong_to_wrong,False,False,True,True,preserve,False,False,True
25192217::multihop_fo::0,25192217,multihop_fo_fullness,right_to_right,False,False,True,True,revise,True,True,False
25192217::multihop_fo::1,25192217,multihop_fo_fullness,wrong_to_wrong,False,False,True,True,revise,False,False,True
25192217::multihop_fo::2,25192217,multihop_fo_fullness,right_to_right,False,False,True,True,revise,True,True,True
25192217::multihop_fo::3,25192217,multihop_fo_fullness,wrong_to_wrong,False,False,True,True,revise,False,False,True
25192217::multihop_fo::4,25192217,multihop_fo_accessibility,right_to_right,False,False,True,True,revise,True,False,False
25192217::multihop_fo::5,25192217,multihop_fo_accessibility,wrong_to_wrong,False,False,True,True,revise,True,False,False
25192217::multihop_so::0,25192217,multihop_so_fullness,right_to_right,False,False,True,True,revise,False,False,True
25192217::multihop_so::1,25192217,multihop_so_fullness,wrong_to_wrong,False,False,True,True,preserve,False,False,False
25192217::multihop_so::2,25192217,multihop_so_fullness,right_to_wrong,True,True,True,True,revise,True,False,False
25192217::multihop_so::3,25192217,multihop_so_fullness,wrong_to_wrong,False,False,True,True,revise,True,False,False
25192217::multihop_so::4,25192217,multihop_so_accessibility,right_to_right,False,False,True,True,revise,True,False,False
25192217::multihop_so::5,25192217,multihop_so_accessibility,wrong_to_wrong,False,False,True,True,revise,True,True,False
25192217::attitude::0,25192217,attitude,wrong_to_wrong,False,False,True,True,revise,True,False,False
38709379::location_cg_fo::0,38709379,location_cg_fo,right_to_right,False,False,True,True,preserve,False,False,False
38709379::location_cg_fo::1,38709379,location_cg_fo,right_to_right,False,False,True,True,revise,True,False,False
38709379::location_cg_so::0,38709379,location_cg_so,right_to_right,False,False,True,True,revise,True,False,True
38709379::location_cg_so::1,38709379,location_cg_so,right_to_right,False,False,True,True,preserve,False,False,False
38709379::location_fg_fo::0,38709379,location_fg_fo,right_to_right,False,False,True,True,preserve,False,False,True
38709379::location_fg_fo::1,38709379,location_fg_fo,wrong_to_wrong,False,False,True,True,preserve,False,False,False
38709379::location_fg_fo::2,38709379,location_fg_fo,right_to_right,False,False,True,True,preserve,False,False,False
38709379::location_fg_fo::3,38709379,location_fg_fo,right_to_right,False,False,True,True,preserve,False,False,False
38709379::location_fg_so::0,38709379,location_fg_so,right_to_right,False,False,True,True,preserve,False,False,False
38709379::location_fg_so::1,38709379,location_fg_so,right_to_right,False,False,True,True,preserve,False,False,False
38709379::multihop_fo::0,38709379,multihop_fo_fullness,right_to_right,False,False,True,True,revise,True,False,False
38709379::multihop_fo::1,38709379,multihop_fo_fullness,right_to_right,False,False,True,True,revise,True,False,False
38709379::multihop_fo::2,38709379,multihop_fo_fullness,right_to_right,False,False,True,True,revise,False,False,False
38709379::multihop_fo::3,38709379,multihop_fo_fullness,wrong_to_wrong,False,False,True,True,revise,False,True,True
38709379::multihop_fo::4,38709379,multihop_fo_accessibility,right_to_right,False,False,True,True,preserve,False,False,False
38709379::multihop_fo::5,38709379,multihop_fo_accessibility,right_to_right,False,False,True,True,preserve,False,False,False
38709379::multihop_so::0,38709379,multihop_so_fullness,right_to_right,False,False,True,True,preserve,False,False,False
38709379::multihop_so::1,38709379,multihop_so_fullness,right_to_right,False,False,True,True,preserve,False,False,False
38709379::multihop_so::2,38709379,multihop_so_fullness,wrong_to_wrong,False,False,True,True,preserve,False,False,False
38709379::multihop_so::3,38709379,multihop_so_fullness,wrong_to_wrong,False,False,True,True,preserve,False,False,False
38709379::multihop_so::4,38709379,multihop_so_accessibility,right_to_right,False,False,True,True,preserve,False,False,False
38709379::multihop_so::5,38709379,multihop_so_accessibility,right_to_right,False,False,True,True,preserve,False,False,False
38709379::attitude::0,38709379,attitude,wrong_to_wrong,False,False,True,True,revise,True,False,False
13366612::location_cg_fo::0,13366612,location_cg_fo,right_to_right,False,False,True,True,revise,False,False,False
13366612::location_cg_fo::1,13366612,location_cg_fo,wrong_to_wrong,False,False,True,True,revise,True,False,True
13366612::location_cg_so::0,13366612,location_cg_so,right_to_wrong,True,True,True,True,revise,True,False,False
13366612::location_cg_so::1,13366612,location_cg_so,wrong_to_wrong,False,False,True,True,revise,True,False,True
13366612::location_fg_fo::0,13366612,location_fg_fo,right_to_right,False,False,True,True,preserve,False,False,False
13366612::location_fg_fo::1,13366612,location_fg_fo,right_to_right,False,False,True,True,preserve,False,False,False
13366612::location_fg_fo::2,13366612,location_fg_fo,right_to_right,False,False,True,True,preserve,False,False,False
13366612::location_fg_fo::3,13366612,location_fg_fo,wrong_to_wrong,False,False,True,True,preserve,False,False,False
13366612::location_fg_so::0,13366612,location_fg_so,right_to_right,False,False,True,True,revise,True,False,True
13366612::location_fg_so::1,13366612,location_fg_so,wrong_to_wrong,False,False,True,True,preserve,False,False,False
13366612::multihop_fo::0,13366612,multihop_fo_fullness,right_to_right,False,False,True,True,revise,False,False,False
13366612::multihop_fo::1,13366612,multihop_fo_fullness,wrong_to_wrong,False,False,True,True,revise,False,False,False
13366612::multihop_fo::2,13366612,multihop_fo_fullness,right_to_right,False,False,True,True,preserve,False,False,False
13366612::multihop_fo::3,13366612,multihop_fo_fullness,right_to_right,False,False,True,True,revise,False,False,False
13366612::multihop_fo::4,13366612,multihop_fo_accessibility,right_to_right,False,False,True,True,revise,True,False,False
13366612::multihop_fo::5,13366612,multihop_fo_accessibility,wrong_to_wrong,False,False,True,True,revise,True,False,True
13366612::multihop_so::0,13366612,multihop_so_fullness,wrong_to_right,True,True,True,True,revise,True,True,True
13366612::multihop_so::1,13366612,multihop_so_fullness,wrong_to_wrong,False,False,True,True,revise,False,False,True
13366612::multihop_so::2,13366612,multihop_so_fullness,wrong_to_wrong,False,False,True,True,revise,True,False,False
13366612::multihop_so::3,13366612,multihop_so_fullness,wrong_to_wrong,False,False,True,True,revise,True,False,False
13366612::multihop_so::4,13366612,multihop_so_accessibility,wrong_to_wrong,False,False,True,True,revise,True,False,False
13366612::multihop_so::5,13366612,multihop_so_accessibility,wrong_to_wrong,False,False,True,True,preserve,False,False,False
13366612::attitude::0,13366612,attitude,wrong_to_wrong,False,False,True,True,revise,False,False,False
48727468::location_cg_fo::0,48727468,location_cg_fo,right_to_right,False,False,True,True,revise,True,False,False
48727468::location_cg_fo::1,48727468,location_cg_fo,wrong_to_wrong,False,False,True,True,preserve,False,False,False
48727468::location_cg_so::0,48727468,location_cg_so,right_to_right,False,False,True,True,preserve,False,False,False
48727468::location_cg_so::1,48727468,location_cg_so,wrong_to_wrong,False,False,True,True,revise,True,True,False
48727468::location_fg_fo::0,48727468,location_fg_fo,right_to_right,False,False,True,True,preserve,False,False,False
48727468::location_fg_fo::1,48727468,location_fg_fo,right_to_right,False,False,True,True,preserve,False,False,False
48727468::location_fg_fo::2,48727468,location_fg_fo,right_to_right,False,False,True,True,preserve,False,False,False
48727468::location_fg_fo::3,48727468,location_fg_fo,wrong_to_wrong,False,False,True,True,preserve,False,False,True
48727468::location_fg_so::0,48727468,location_fg_so,wrong_to_wrong,False,False,True,True,revise,True,False,True
48727468::location_fg_so::1,48727468,location_fg_so,wrong_to_wrong,False,False,True,True,preserve,False,False,False
48727468::multihop_fo::0,48727468,multihop_fo_fullness,right_to_right,False,False,True,True,revise,False,False,False
48727468::multihop_fo::1,48727468,multihop_fo_fullness,wrong_to_wrong,False,False,True,True,revise,False,False,False
48727468::multihop_fo::2,48727468,multihop_fo_fullness,right_to_right,False,False,True,True,revise,True,False,False
48727468::multihop_fo::3,48727468,multihop_fo_fullness,wrong_to_wrong,False,False,True,True,revise,False,False,True
48727468::multihop_fo::4,48727468,multihop_fo_accessibility,right_to_right,False,False,True,True,preserve,False,False,False
48727468::multihop_fo::5,48727468,multihop_fo_accessibility,wrong_to_wrong,False,False,True,True,revise,False,False,False
48727468::multihop_so::0,48727468,multihop_so_fullness,right_to_right,False,False,True,True,preserve,False,False,False
48727468::multihop_so::1,48727468,multihop_so_fullness,wrong_to_wrong,False,False,True,True,revise,True,False,False
48727468::multihop_so::2,48727468,multihop_so_fullness,wrong_to_wrong,False,False,True,True,preserve,False,False,False
48727468::multihop_so::3,48727468,multihop_so_fullness,wrong_to_wrong,False,False,True,True,preserve,False,False,False
48727468::multihop_so::4,48727468,multihop_so_accessibility,wrong_to_wrong,False,False,True,True,revise,True,False,False
48727468::multihop_so::5,48727468,multihop_so_accessibility,wrong_to_wrong,False,False,True,True,preserve,False,False,False
48727468::attitude::0,48727468,attitude,right_to_right,False,False,True,True,revise,True,False,True
23953367::location_cg_fo::0,23953367,location_cg_fo,right_to_right,False,False,True,True,preserve,False,False,False
23953367::location_cg_fo::1,23953367,location_cg_fo,right_to_right,False,False,True,True,preserve,False,False,False
23953367::location_cg_so::0,23953367,location_cg_so,wrong_to_wrong,False,False,True,True,revise,False,True,False
23953367::location_cg_so::1,23953367,location_cg_so,right_to_right,False,False,True,True,revise,True,False,False
23953367::location_fg_fo::0,23953367,location_fg_fo,right_to_right,False,False,True,True,preserve,False,False,False
23953367::location_fg_fo::1,23953367,location_fg_fo,wrong_to_wrong,False,False,True,True,revise,False,False,False
23953367::location_fg_fo::2,23953367,location_fg_fo,right_to_right,False,False,True,True,preserve,False,False,False
23953367::location_fg_fo::3,23953367,location_fg_fo,right_to_right,False,False,True,True,preserve,False,False,True
23953367::location_fg_so::0,23953367,location_fg_so,wrong_to_wrong,False,False,True,True,preserve,False,False,True
23953367::location_fg_so::1,23953367,location_fg_so,right_to_right,False,False,True,True,preserve,False,False,True
23953367::multihop_fo::0,23953367,multihop_fo_fullness,right_to_right,False,False,True,True,revise,True,True,False
23953367::multihop_fo::1,23953367,multihop_fo_fullness,wrong_to_wrong,False,False,True,True,revise,False,False,False
23953367::multihop_fo::2,23953367,multihop_fo_fullness,right_to_right,False,False,True,True,revise,True,True,True
23953367::multihop_fo::3,23953367,multihop_fo_fullness,right_to_right,False,False,True,True,revise,False,False,True
23953367::multihop_fo::4,23953367,multihop_fo_accessibility,right_to_right,False,False,True,True,revise,True,False,False
23953367::multihop_fo::5,23953367,multihop_fo_accessibility,right_to_right,False,False,True,True,revise,True,False,False
23953367::multihop_so::0,23953367,multihop_so_fullness,right_to_right,False,False,True,True,revise,True,True,True
23953367::multihop_so::1,23953367,multihop_so_fullness,right_to_right,False,False,True,True,preserve,False,False,False
23953367::multihop_so::2,23953367,multihop_so_fullness,wrong_to_wrong,False,False,True,True,revise,False,False,True
23953367::multihop_so::3,23953367,multihop_so_fullness,right_to_right,False,False,True,True,revise,False,False,False
23953367::multihop_so::4,23953367,multihop_so_accessibility,right_to_right,False,False,True,True,revise,True,False,False
23953367::multihop_so::5,23953367,multihop_so_accessibility,right_to_right,False,False,True,True,revise,True,False,False
23953367::attitude::0,23953367,attitude,right_to_right,False,False,True,True,revise,True,False,False
