dataset,record_id,stage,family,answer,reference,correct,known_conflict_fields,known_conflicts,unknown_fields,unsupported_fields
rectom,belief_0,initial,belief,G,G,True,,0,seen,1
rectom,belief_0,reviewed,belief,G,G,True,,0,seen,1
rectom,belief_1,initial,belief,G,G,True,,0,seen,1
rectom,belief_1,reviewed,belief,G,G,True,,0,,0
rectom,belief_2,initial,belief,B,B,True,,0,seen,1
rectom,belief_2,reviewed,belief,B,B,True,,0,seen,1
rectom,belief_3,initial,belief,D,C,False,,0,recommendation_response,1
rectom,belief_3,reviewed,belief,D,C,False,,0,recommendation_response,1
rectom,belief_4,initial,belief,A,A,True,,0,seen,1
rectom,belief_4,reviewed,belief,A,A,True,,0,seen,1
rectom,belief_5,initial,belief,G,G,True,,0,,0
rectom,belief_5,reviewed,belief,G,G,True,,0,seen,1
rectom,belief_6,initial,belief,D,D,True,,0,seen|recommendation_response,2
rectom,belief_6,reviewed,belief,D,D,True,,0,seen|recommendation_response,2
rectom,belief_7,initial,belief,D,D,True,,0,recommendation_response,1
rectom,belief_7,reviewed,belief,D,D,True,,0,recommendation_response,1
rectom,belief_8,initial,belief,F,F,True,,0,seen,1
rectom,belief_8,reviewed,belief,F,F,True,,0,seen,1
rectom,belief_9,initial,belief,G,G,True,,0,,0
rectom,belief_9,reviewed,belief,G,G,True,,0,seen,1
rectom,belief_124,initial,belief,B,A,False,,0,seen|recommendation_response,2
rectom,belief_124,reviewed,belief,B,A,False,,0,seen|recommendation_response,2
rectom,belief_125,initial,belief,A,B,False,,0,seen,1
rectom,belief_125,reviewed,belief,A,B,False,,0,seen,1
rectom,belief_126,initial,belief,D,D,True,,0,recommendation_response,1
rectom,belief_126,reviewed,belief,D,D,True,,0,recommendation_response,1
rectom,belief_127,initial,belief,G,G,True,,0,seen,1
rectom,belief_127,reviewed,belief,G,G,True,,0,seen,1
rectom,belief_128,initial,belief,B,B,True,,0,recommendation_response,1
rectom,belief_128,reviewed,belief,B,B,True,,0,recommendation_response,1
rectom,belief_129,initial,belief,B,B,True,,0,recommendation_response,1
rectom,belief_129,reviewed,belief,B,B,True,,0,recommendation_response,1
rectom,belief_130,initial,belief,B,B,True,,0,recommendation_response,1
rectom,belief_130,reviewed,belief,B,B,True,,0,recommendation_response,1
rectom,belief_131,initial,belief,B,B,True,,0,,0
rectom,belief_131,reviewed,belief,B,B,True,,0,recommendation_response,1
rectom,belief_143,initial,belief,C,C,True,,0,,0
rectom,belief_143,reviewed,belief,C,C,True,,0,,0
rectom,belief_144,initial,belief,G,G,True,,0,,0
rectom,belief_144,reviewed,belief,G,G,True,,0,,0
rectom,belief_145,initial,belief,G,G,True,,0,seen,1
rectom,belief_145,reviewed,belief,G,G,True,,0,seen,1
rectom,belief_146,initial,belief,D,D,True,,0,recommendation_response,1
rectom,belief_146,reviewed,belief,D,D,True,,0,recommendation_response,1
rectom,belief_147,initial,belief,G,G,True,,0,seen,1
rectom,belief_147,reviewed,belief,G,G,True,,0,seen,1
rectom,belief_148,initial,belief,D,D,True,,0,recommendation_response,1
rectom,belief_148,reviewed,belief,D,D,True,,0,recommendation_response,1
rectom,belief_149,initial,belief,D,D,True,,0,seen|recommendation_response,2
rectom,belief_149,reviewed,belief,D,D,True,,0,seen|recommendation_response,2
rectom,belief_150,initial,belief,C,C,True,,0,seen,1
rectom,belief_150,reviewed,belief,C,C,True,,0,seen,1
rectom,belief_151,initial,belief,G,G,True,,0,seen,1
rectom,belief_151,reviewed,belief,G,G,True,,0,seen,1
rectom,belief_152,initial,belief,G,G,True,,0,seen,1
rectom,belief_152,reviewed,belief,G,G,True,,0,seen,1
rectom,belief_153,initial,belief,B,B,True,,0,seen,1
rectom,belief_153,reviewed,belief,B,B,True,,0,,0
rectom,belief_154,initial,belief,G,G,True,,0,seen|appraisal,2
rectom,belief_154,reviewed,belief,G,G,True,,0,seen|appraisal,2
rectom,belief_155,initial,belief,D,D,True,,0,recommendation_response,1
rectom,belief_155,reviewed,belief,D,D,True,,0,recommendation_response,1
rectom,belief_156,initial,belief,G,G,True,,0,seen,1
rectom,belief_156,reviewed,belief,G,G,True,,0,seen,1
rectom,belief_231,initial,belief,D,D,True,,0,,0
rectom,belief_231,reviewed,belief,D,D,True,,0,seen,1
rectom,belief_232,initial,belief,D,D,True,,0,recommendation_response,1
rectom,belief_232,reviewed,belief,D,D,True,,0,recommendation_response,1
rectom,belief_233,initial,belief,G,G,True,,0,,0
rectom,belief_233,reviewed,belief,G,G,True,,0,,0
rectom,belief_234,initial,belief,D,D,True,,0,recommendation_response,1
rectom,belief_234,reviewed,belief,D,D,True,,0,recommendation_response,1
rectom,belief_235,initial,belief,D,D,True,,0,recommendation_response,1
rectom,belief_235,reviewed,belief,D,D,True,,0,recommendation_response,1
rectom,belief_236,initial,belief,G,G,True,,0,seen,1
rectom,belief_236,reviewed,belief,G,G,True,,0,seen,1
rectom,belief_237,initial,belief,G,G,True,,0,seen,1
rectom,belief_237,reviewed,belief,G,G,True,,0,seen,1
rectom,belief_238,initial,belief,C,C,True,,0,,0
rectom,belief_238,reviewed,belief,C,C,True,,0,,0
rectom,belief_259,initial,belief,B,B,True,,0,,0
rectom,belief_259,reviewed,belief,B,B,True,,0,,0
rectom,belief_260,initial,belief,B,B,True,,0,,0
rectom,belief_260,reviewed,belief,B,B,True,,0,,0
rectom,belief_261,initial,belief,D,D,True,,0,recommendation_response,1
rectom,belief_261,reviewed,belief,D,D,True,,0,recommendation_response,1
rectom,belief_262,initial,belief,E,E,True,,0,appraisal,1
rectom,belief_262,reviewed,belief,E,E,True,,0,appraisal,1
rectom,belief_263,initial,belief,C,C,True,,0,,0
rectom,belief_263,reviewed,belief,C,C,True,,0,,0
rectom,belief_264,initial,belief,G,G,True,,0,seen,1
rectom,belief_264,reviewed,belief,G,G,True,,0,seen,1
rectom,belief_265,initial,belief,D,D,True,,0,seen|recommendation_response,2
rectom,belief_265,reviewed,belief,D,D,True,,0,seen|recommendation_response,2
rectom,belief_266,initial,belief,D,D,True,,0,recommendation_response,1
rectom,belief_266,reviewed,belief,D,D,True,,0,recommendation_response,1
rectom,belief_267,initial,belief,G,G,True,,0,seen,1
rectom,belief_267,reviewed,belief,G,G,True,,0,seen,1
rectom,belief_268,initial,belief,G,G,True,,0,seen,1
rectom,belief_268,reviewed,belief,G,G,True,,0,seen,1
rectom,belief_269,initial,belief,B,B,True,,0,,0
rectom,belief_269,reviewed,belief,B,B,True,,0,,0
rectom,belief_270,initial,belief,D,D,True,,0,recommendation_response,1
rectom,belief_270,reviewed,belief,D,D,True,,0,recommendation_response,1
rectom,belief_271,initial,belief,G,G,True,,0,,0
rectom,belief_271,reviewed,belief,G,G,True,,0,seen,1
rectom,belief_272,initial,belief,C,C,True,,0,,0
rectom,belief_272,reviewed,belief,C,C,True,,0,,0
rectom,belief_273,initial,belief,G,G,True,,0,seen,1
rectom,belief_273,reviewed,belief,G,G,True,,0,seen,1
rectom,belief_280,initial,belief,B,D,False,,0,,0
rectom,belief_280,reviewed,belief,B,D,False,,0,,0
rectom,belief_281,initial,belief,D,D,True,,0,recommendation_response,1
rectom,belief_281,reviewed,belief,D,D,True,,0,recommendation_response,1
rectom,belief_282,initial,belief,A,A,True,,0,seen,1
rectom,belief_282,reviewed,belief,A,A,True,,0,seen,1
rectom,belief_283,initial,belief,D,D,True,,0,recommendation_response,1
rectom,belief_283,reviewed,belief,D,D,True,,0,recommendation_response,1
rectom,belief_321,initial,belief,C,C,True,,0,seen,1
rectom,belief_321,reviewed,belief,C,C,True,,0,seen,1
rectom,belief_322,initial,belief,B,B,True,,0,seen,1
rectom,belief_322,reviewed,belief,B,B,True,,0,seen,1
rectom,belief_323,initial,belief,C,C,True,,0,seen|recommendation_response,2
rectom,belief_323,reviewed,belief,C,C,True,,0,seen|recommendation_response,2
rectom,belief_324,initial,belief,B,D,False,,0,seen,1
rectom,belief_324,reviewed,belief,B,D,False,,0,,0
rectom,belief_325,initial,belief,G,G,True,,0,,0
rectom,belief_325,reviewed,belief,G,G,True,,0,seen,1
rectom,belief_326,initial,belief,D,D,True,,0,seen|recommendation_response,2
rectom,belief_326,reviewed,belief,D,D,True,,0,seen|recommendation_response,2
rectom,belief_350,initial,belief,D,D,True,,0,seen|recommendation_response,2
rectom,belief_350,reviewed,belief,D,D,True,,0,seen|recommendation_response,2
rectom,belief_351,initial,belief,D,D,True,,0,recommendation_response,1
rectom,belief_351,reviewed,belief,D,D,True,,0,recommendation_response,1
rectom,belief_352,initial,belief,D,D,True,,0,seen|recommendation_response,2
rectom,belief_352,reviewed,belief,D,D,True,,0,seen|recommendation_response,2
rectom,belief_353,initial,belief,C,C,True,,0,,0
rectom,belief_353,reviewed,belief,C,C,True,,0,,0
rectom,belief_354,initial,belief,D,D,True,,0,seen|recommendation_response,2
rectom,belief_354,reviewed,belief,D,D,True,,0,seen|recommendation_response,2
rectom,belief_355,initial,belief,G,G,True,,0,seen,1
rectom,belief_355,reviewed,belief,G,G,True,,0,seen,1
rectom,belief_356,initial,belief,G,G,True,,0,seen,1
rectom,belief_356,reviewed,belief,G,G,True,,0,seen,1
rectom,belief_357,initial,belief,C,C,True,,0,recommendation_response,1
rectom,belief_357,reviewed,belief,C,C,True,,0,recommendation_response,1
rectom,belief_358,initial,belief,D,D,True,,0,recommendation_response,1
rectom,belief_358,reviewed,belief,D,D,True,,0,recommendation_response,1
rectom,belief_359,initial,belief,D,D,True,,0,recommendation_response,1
rectom,belief_359,reviewed,belief,D,D,True,,0,seen|recommendation_response,2
rectom,belief_360,initial,belief,A,C,False,,0,seen,1
rectom,belief_360,reviewed,belief,A,C,False,,0,seen,1
rectom,belief_373,initial,belief,D,D,True,,0,recommendation_response,1
rectom,belief_373,reviewed,belief,D,D,True,,0,recommendation_response,1
rectom,belief_374,initial,belief,B,B,True,,0,,0
rectom,belief_374,reviewed,belief,B,B,True,,0,,0
rectom,belief_375,initial,belief,C,C,True,,0,,0
rectom,belief_375,reviewed,belief,C,C,True,,0,seen,1
rectom,belief_376,initial,belief,B,B,True,,0,,0
rectom,belief_376,reviewed,belief,B,B,True,,0,,0
rectom,belief_377,initial,belief,B,B,True,,0,seen,1
rectom,belief_377,reviewed,belief,B,B,True,,0,seen,1
rectom,belief_378,initial,belief,G,G,True,,0,,0
rectom,belief_378,reviewed,belief,G,G,True,,0,,0
rectom,belief_379,initial,belief,D,D,True,,0,recommendation_response,1
rectom,belief_379,reviewed,belief,D,D,True,,0,recommendation_response,1
rectom,belief_380,initial,belief,C,A,False,,0,seen,1
rectom,belief_380,reviewed,belief,C,A,False,,0,seen,1
rectom,belief_381,initial,belief,G,G,True,,0,,0
rectom,belief_381,reviewed,belief,G,G,True,,0,,0
rectom,belief_382,initial,belief,B,B,True,,0,seen,1
rectom,belief_382,reviewed,belief,B,B,True,,0,seen,1
rectom,belief_391,initial,belief,D,D,True,,0,seen|recommendation_response,2
rectom,belief_391,reviewed,belief,D,D,True,,0,seen|recommendation_response,2
rectom,belief_392,initial,belief,D,D,True,,0,recommendation_response,1
rectom,belief_392,reviewed,belief,D,D,True,,0,recommendation_response,1
rectom,belief_393,initial,belief,B,B,True,,0,,0
rectom,belief_393,reviewed,belief,B,B,True,,0,,0
rectom,belief_394,initial,belief,B,B,True,,0,,0
rectom,belief_394,reviewed,belief,B,B,True,,0,,0
rectom,belief_395,initial,belief,C,C,True,,0,,0
rectom,belief_395,reviewed,belief,C,C,True,,0,,0
rectom,belief_396,initial,belief,D,D,True,,0,recommendation_response,1
rectom,belief_396,reviewed,belief,D,D,True,,0,recommendation_response,1
rectom,belief_397,initial,belief,C,D,False,,0,seen|recommendation_response,2
rectom,belief_397,reviewed,belief,C,D,False,,0,seen|recommendation_response,2
rectom,belief_398,initial,belief,G,G,True,,0,seen,1
rectom,belief_398,reviewed,belief,G,G,True,,0,seen,1
rectom,belief_399,initial,belief,C,D,False,,0,seen,1
rectom,belief_399,reviewed,belief,C,D,False,,0,seen,1
rectom,belief_400,initial,belief,C,D,False,,0,,0
rectom,belief_400,reviewed,belief,C,D,False,,0,seen,1
rectom,belief_401,initial,belief,G,G,True,,0,seen,1
rectom,belief_401,reviewed,belief,G,G,True,,0,seen,1
rectom,belief_402,initial,belief,D,D,True,,0,recommendation_response,1
rectom,belief_402,reviewed,belief,D,D,True,,0,recommendation_response,1
rectom,belief_403,initial,belief,A,C,False,,0,seen|recommendation_response,2
rectom,belief_403,reviewed,belief,A,C,False,,0,seen|recommendation_response,2
rectom,belief_423,initial,belief,G,G,True,,0,seen,1
rectom,belief_423,reviewed,belief,G,G,True,,0,seen,1
rectom,belief_424,initial,belief,B,B,True,,0,seen,1
rectom,belief_424,reviewed,belief,B,B,True,,0,seen,1
rectom,belief_425,initial,belief,D,D,True,,0,seen|recommendation_response,2
rectom,belief_425,reviewed,belief,D,D,True,,0,seen|recommendation_response,2
rectom,belief_426,initial,belief,A,A,True,,0,,0
rectom,belief_426,reviewed,belief,A,A,True,,0,,0
rectom,belief_427,initial,belief,C,C,True,,0,seen|recommendation_response,2
rectom,belief_427,reviewed,belief,C,C,True,,0,seen|recommendation_response,2
rectom,belief_428,initial,belief,C,C,True,,0,,0
rectom,belief_428,reviewed,belief,C,C,True,,0,,0
rectom,belief_437,initial,belief,C,C,True,,0,,0
rectom,belief_437,reviewed,belief,C,C,True,,0,,0
rectom,belief_438,initial,belief,A,B,False,,0,,0
rectom,belief_438,reviewed,belief,A,B,False,,0,,0
rectom,belief_439,initial,belief,B,B,True,,0,recommendation_response,1
rectom,belief_439,reviewed,belief,B,B,True,,0,recommendation_response,1
rectom,belief_468,initial,belief,G,G,True,,0,seen,1
rectom,belief_468,reviewed,belief,G,G,True,,0,seen,1
rectom,belief_469,initial,belief,B,B,True,,0,,0
rectom,belief_469,reviewed,belief,B,B,True,,0,,0
rectom,belief_470,initial,belief,C,C,True,,0,,0
rectom,belief_470,reviewed,belief,C,C,True,,0,,0
rectom,belief_471,initial,belief,D,D,True,,0,recommendation_response,1
rectom,belief_471,reviewed,belief,D,D,True,,0,,0
rectom,belief_472,initial,belief,D,D,True,,0,seen|recommendation_response,2
rectom,belief_472,reviewed,belief,D,D,True,,0,seen|recommendation_response,2
rectom,belief_489,initial,belief,A,A,True,,0,,0
rectom,belief_489,reviewed,belief,A,A,True,,0,,0
rectom,belief_490,initial,belief,B,B,True,,0,,0
rectom,belief_490,reviewed,belief,B,B,True,,0,,0
rectom,belief_491,initial,belief,G,G,True,,0,seen,1
rectom,belief_491,reviewed,belief,G,G,True,,0,seen,1
rectom,belief_492,initial,belief,D,D,True,,0,recommendation_response,1
rectom,belief_492,reviewed,belief,D,D,True,,0,seen,1
rectom,belief_493,initial,belief,G,G,True,,0,seen,1
rectom,belief_493,reviewed,belief,G,G,True,,0,seen,1
rectom,belief_494,initial,belief,D,D,True,,0,seen|recommendation_response,2
rectom,belief_494,reviewed,belief,D,D,True,,0,recommendation_response,1
rectom,belief_515,initial,belief,D,D,True,,0,seen|recommendation_response,2
rectom,belief_515,reviewed,belief,D,D,True,,0,seen|recommendation_response,2
rectom,belief_516,initial,belief,D,D,True,,0,seen|recommendation_response,2
rectom,belief_516,reviewed,belief,D,D,True,,0,seen|recommendation_response,2
rectom,belief_517,initial,belief,D,B,False,,0,recommendation_response,1
rectom,belief_517,reviewed,belief,D,B,False,,0,seen|recommendation_response,2
rectom,belief_591,initial,belief,D,D,True,,0,recommendation_response,1
rectom,belief_591,reviewed,belief,D,D,True,,0,recommendation_response,1
rectom,belief_592,initial,belief,D,D,True,,0,recommendation_response,1
rectom,belief_592,reviewed,belief,D,D,True,,0,recommendation_response,1
rectom,belief_593,initial,belief,B,B,True,,0,seen,1
rectom,belief_593,reviewed,belief,B,B,True,,0,seen,1
rectom,belief_594,initial,belief,A,A,True,,0,seen,1
rectom,belief_594,reviewed,belief,A,A,True,,0,seen,1
rectom,belief_595,initial,belief,D,D,True,,0,recommendation_response,1
rectom,belief_595,reviewed,belief,D,D,True,,0,recommendation_response,1
rectom,belief_645,initial,belief,B,B,True,,0,seen,1
rectom,belief_645,reviewed,belief,B,B,True,,0,seen,1
rectom,belief_646,initial,belief,G,G,True,,0,,0
rectom,belief_646,reviewed,belief,G,G,True,,0,seen,1
rectom,belief_647,initial,belief,C,C,True,,0,recommendation_response,1
rectom,belief_647,reviewed,belief,C,C,True,,0,recommendation_response,1
rectom,belief_648,initial,belief,D,D,True,,0,recommendation_response,1
rectom,belief_648,reviewed,belief,D,D,True,,0,recommendation_response,1
rectom,belief_649,initial,belief,D,D,True,,0,recommendation_response,1
rectom,belief_649,reviewed,belief,D,D,True,,0,recommendation_response,1
rectom,belief_650,initial,belief,A,A,True,,0,,0
rectom,belief_650,reviewed,belief,A,A,True,,0,,0
rectom,belief_651,initial,belief,B,B,True,,0,,0
rectom,belief_651,reviewed,belief,B,B,True,,0,,0
rectom,belief_652,initial,belief,D,D,True,,0,recommendation_response,1
rectom,belief_652,reviewed,belief,D,D,True,,0,recommendation_response,1
rectom,belief_653,initial,belief,C,C,True,,0,,0
rectom,belief_653,reviewed,belief,C,C,True,,0,,0
rectom,belief_654,initial,belief,D,D,True,,0,recommendation_response,1
rectom,belief_654,reviewed,belief,D,D,True,,0,recommendation_response,1
rectom,belief_724,initial,belief,B,B,True,,0,seen,1
rectom,belief_724,reviewed,belief,B,B,True,,0,seen,1
rectom,belief_725,initial,belief,B,B,True,,0,recommendation_response,1
rectom,belief_725,reviewed,belief,B,B,True,,0,recommendation_response,1
rectom,belief_726,initial,belief,D,D,True,,0,recommendation_response,1
rectom,belief_726,reviewed,belief,D,D,True,,0,recommendation_response,1
rectom,belief_727,initial,belief,C,A,False,,0,seen,1
rectom,belief_727,reviewed,belief,C,A,False,,0,seen,1
rectom,belief_728,initial,belief,G,G,True,,0,seen,1
rectom,belief_728,reviewed,belief,G,G,True,,0,seen,1
rectom,belief_776,initial,belief,B,B,True,,0,seen,1
rectom,belief_776,reviewed,belief,B,B,True,,0,seen,1
rectom,belief_777,initial,belief,G,G,True,,0,seen,1
rectom,belief_777,reviewed,belief,G,G,True,,0,seen,1
rectom,belief_778,initial,belief,G,G,True,,0,seen,1
rectom,belief_778,reviewed,belief,G,G,True,,0,seen,1
rectom,belief_779,initial,belief,A,A,True,,0,seen,1
rectom,belief_779,reviewed,belief,A,A,True,,0,seen,1
rectom,belief_833,initial,belief,A,A,True,,0,seen|recommendation_response,2
rectom,belief_833,reviewed,belief,A,A,True,,0,seen|recommendation_response,2
rectom,belief_834,initial,belief,D,D,True,,0,seen|recommendation_response,2
rectom,belief_834,reviewed,belief,D,D,True,,0,seen|recommendation_response,2
rectom,belief_835,initial,belief,B,B,True,,0,seen,1
rectom,belief_835,reviewed,belief,B,B,True,,0,seen,1
rectom,belief_836,initial,belief,B,B,True,,0,,0
rectom,belief_836,reviewed,belief,B,B,True,,0,,0
rectom,belief_853,initial,belief,B,B,True,,0,,0
rectom,belief_853,reviewed,belief,B,B,True,,0,,0
rectom,belief_854,initial,belief,G,G,True,,0,,0
rectom,belief_854,reviewed,belief,G,G,True,,0,seen,1
rectom,belief_855,initial,belief,D,B,False,,0,seen|recommendation_response,2
rectom,belief_855,reviewed,belief,D,B,False,,0,seen|recommendation_response,2
rectom,belief_856,initial,belief,D,D,True,,0,recommendation_response,1
rectom,belief_856,reviewed,belief,D,D,True,,0,recommendation_response,1
rectom,belief_857,initial,belief,G,G,True,,0,,0
rectom,belief_857,reviewed,belief,G,G,True,,0,seen,1
rectom,belief_858,initial,belief,A,A,True,,0,,0
rectom,belief_858,reviewed,belief,A,A,True,,0,,0
rectom,belief_877,initial,belief,D,D,True,,0,recommendation_response,1
rectom,belief_877,reviewed,belief,D,D,True,,0,,0
rectom,belief_878,initial,belief,D,D,True,,0,recommendation_response,1
rectom,belief_878,reviewed,belief,D,D,True,seen,1,recommendation_response,1
rectom,belief_879,initial,belief,B,D,False,,0,seen,1
rectom,belief_879,reviewed,belief,B,D,False,,0,seen,1
rectom,belief_880,initial,belief,G,G,True,,0,seen,1
rectom,belief_880,reviewed,belief,G,G,True,,0,seen,1
rectom,belief_881,initial,belief,G,G,True,,0,seen,1
rectom,belief_881,reviewed,belief,G,G,True,,0,seen|appraisal,2
rectom,belief_882,initial,belief,A,A,True,,0,,0
rectom,belief_882,reviewed,belief,A,A,True,,0,,0
rectom,belief_883,initial,belief,E,G,False,,0,seen,1
rectom,belief_883,reviewed,belief,E,G,False,,0,seen,1
rectom,belief_894,initial,belief,B,B,True,,0,seen,1
rectom,belief_894,reviewed,belief,B,B,True,,0,seen,1
rectom,belief_895,initial,belief,B,B,True,,0,seen,1
rectom,belief_895,reviewed,belief,B,B,True,,0,seen,1
rectom,belief_896,initial,belief,B,B,True,,0,seen,1
rectom,belief_896,reviewed,belief,B,B,True,,0,seen,1
rectom,belief_897,initial,belief,B,B,True,,0,seen|recommendation_response,2
rectom,belief_897,reviewed,belief,B,B,True,,0,seen|recommendation_response,2
rectom,belief_898,initial,belief,A,A,True,,0,seen,1
rectom,belief_898,reviewed,belief,A,A,True,,0,seen,1
rectom,belief_923,initial,belief,G,G,True,,0,seen,1
rectom,belief_923,reviewed,belief,G,G,True,,0,seen,1
rectom,belief_924,initial,belief,B,B,True,,0,recommendation_response,1
rectom,belief_924,reviewed,belief,B,B,True,,0,recommendation_response,1
rectom,belief_925,initial,belief,D,D,True,,0,seen|recommendation_response,2
rectom,belief_925,reviewed,belief,D,D,True,,0,seen|recommendation_response,2
rectom,belief_926,initial,belief,G,G,True,,0,seen,1
rectom,belief_926,reviewed,belief,G,G,True,,0,seen,1
rectom,belief_927,initial,belief,D,D,True,,0,recommendation_response,1
rectom,belief_927,reviewed,belief,D,D,True,,0,recommendation_response,1
rectom,belief_928,initial,belief,G,G,True,,0,seen,1
rectom,belief_928,reviewed,belief,G,G,True,,0,seen|appraisal,2
rectom,belief_929,initial,belief,C,C,True,,0,,0
rectom,belief_929,reviewed,belief,C,C,True,,0,,0
rectom,belief_933,initial,belief,D,D,True,,0,recommendation_response,1
rectom,belief_933,reviewed,belief,D,D,True,,0,seen|recommendation_response,2
rectom,belief_934,initial,belief,D,D,True,,0,recommendation_response,1
rectom,belief_934,reviewed,belief,D,D,True,,0,recommendation_response,1
rectom,belief_935,initial,belief,C,C,True,,0,recommendation_response,1
rectom,belief_935,reviewed,belief,C,C,True,,0,recommendation_response,1
rectom,belief_936,initial,belief,B,B,True,,0,,0
rectom,belief_936,reviewed,belief,B,B,True,,0,,0
rectom,belief_973,initial,belief,A,A,True,,0,,0
rectom,belief_973,reviewed,belief,A,A,True,,0,,0
rectom,belief_974,initial,belief,B,B,True,,0,recommendation_response,1
rectom,belief_974,reviewed,belief,B,B,True,,0,recommendation_response,1
rectom,belief_975,initial,belief,D,D,True,,0,recommendation_response,1
rectom,belief_975,reviewed,belief,D,D,True,,0,seen|recommendation_response,2
rectom,belief_976,initial,belief,D,D,True,,0,recommendation_response,1
rectom,belief_976,reviewed,belief,D,D,True,,0,seen|recommendation_response,2
rectom,belief_977,initial,belief,B,B,True,,0,seen,1
rectom,belief_977,reviewed,belief,B,B,True,,0,seen,1
rectom,belief_978,initial,belief,A,A,True,,0,,0
rectom,belief_978,reviewed,belief,A,A,True,,0,,0
rectom,belief_979,initial,belief,B,B,True,,0,recommendation_response,1
rectom,belief_979,reviewed,belief,B,B,True,,0,recommendation_response,1
rectom,belief_980,initial,belief,D,D,True,,0,seen|recommendation_response,2
rectom,belief_980,reviewed,belief,D,D,True,,0,seen|recommendation_response,2
rectom,belief_981,initial,belief,G,G,True,,0,seen,1
rectom,belief_981,reviewed,belief,G,G,True,,0,seen,1
rectom,belief_982,initial,belief,C,C,True,,0,,0
rectom,belief_982,reviewed,belief,C,C,True,,0,,0
rectom,belief_987,initial,belief,A,A,True,,0,,0
rectom,belief_987,reviewed,belief,A,A,True,,0,,0
rectom,belief_988,initial,belief,A,A,True,,0,,0
rectom,belief_988,reviewed,belief,A,A,True,,0,,0
rectom,belief_989,initial,belief,D,D,True,,0,recommendation_response,1
rectom,belief_989,reviewed,belief,D,D,True,,0,recommendation_response,1
rectom,belief_990,initial,belief,D,D,True,,0,recommendation_response,1
rectom,belief_990,reviewed,belief,D,D,True,,0,recommendation_response,1
rectom,belief_991,initial,belief,G,G,True,,0,,0
rectom,belief_991,reviewed,belief,G,G,True,,0,seen,1
rectom,belief_992,initial,belief,G,G,True,,0,,0
rectom,belief_992,reviewed,belief,G,G,True,,0,seen,1
rectom,belief_1020,initial,belief,B,B,True,,0,seen,1
rectom,belief_1020,reviewed,belief,B,B,True,,0,seen,1
rectom,belief_1021,initial,belief,A,A,True,,0,seen,1
rectom,belief_1021,reviewed,belief,A,A,True,,0,seen,1
rectom,belief_1022,initial,belief,B,B,True,,0,seen,1
rectom,belief_1022,reviewed,belief,B,B,True,,0,seen,1
rectom,belief_1023,initial,belief,B,B,True,,0,seen,1
rectom,belief_1023,reviewed,belief,B,B,True,,0,seen,1
rectom,belief_1033,initial,belief,B,B,True,,0,recommendation_response,1
rectom,belief_1033,reviewed,belief,B,B,True,,0,recommendation_response,1
rectom,belief_1034,initial,belief,D,D,True,,0,recommendation_response,1
rectom,belief_1034,reviewed,belief,D,D,True,,0,recommendation_response,1
rectom,belief_1035,initial,belief,A,A,True,,0,seen,1
rectom,belief_1035,reviewed,belief,A,A,True,,0,seen,1
rectom,belief_1036,initial,belief,D,D,True,,0,recommendation_response,1
rectom,belief_1036,reviewed,belief,D,D,True,,0,recommendation_response,1
rectom,belief_1064,initial,belief,D,B,False,,0,seen,1
rectom,belief_1064,reviewed,belief,D,B,False,,0,seen,1
rectom,belief_1065,initial,belief,C,C,True,,0,,0
rectom,belief_1065,reviewed,belief,C,C,True,,0,,0
rectom,belief_1066,initial,belief,B,B,True,,0,,0
rectom,belief_1066,reviewed,belief,B,B,True,,0,,0
rectom,belief_1067,initial,belief,D,D,True,,0,recommendation_response,1
rectom,belief_1067,reviewed,belief,D,D,True,,0,recommendation_response,1
rectom,belief_1076,initial,belief,B,B,True,,0,seen|recommendation_response,2
rectom,belief_1076,reviewed,belief,B,B,True,,0,seen|recommendation_response,2
rectom,belief_1077,initial,belief,D,D,True,,0,recommendation_response,1
rectom,belief_1077,reviewed,belief,D,D,True,,0,recommendation_response,1
rectom,belief_1078,initial,belief,B,B,True,,0,seen,1
rectom,belief_1078,reviewed,belief,B,B,True,,0,seen,1
rectom,belief_1079,initial,belief,G,F,False,,0,seen,1
rectom,belief_1079,reviewed,belief,G,F,False,,0,seen,1
rectom,belief_1080,initial,belief,A,A,True,,0,seen,1
rectom,belief_1080,reviewed,belief,A,A,True,,0,seen,1
rectom,belief_1081,initial,belief,D,A,False,,0,seen|recommendation_response,2
rectom,belief_1081,reviewed,belief,D,A,False,,0,seen|recommendation_response,2
rectom,belief_1082,initial,belief,B,B,True,,0,recommendation_response,1
rectom,belief_1082,reviewed,belief,B,B,True,,0,recommendation_response,1
rectom,belief_1083,initial,belief,D,D,True,,0,recommendation_response,1
rectom,belief_1083,reviewed,belief,D,D,True,,0,recommendation_response,1
rectom,belief_1084,initial,belief,D,D,True,,0,recommendation_response,1
rectom,belief_1084,reviewed,belief,D,D,True,,0,recommendation_response,1
rectom,belief_1085,initial,belief,G,G,True,,0,,0
rectom,belief_1085,reviewed,belief,G,G,True,,0,,0
rectom,belief_1091,initial,belief,B,B,True,,0,,0
rectom,belief_1091,reviewed,belief,B,B,True,,0,,0
rectom,belief_1092,initial,belief,B,B,True,,0,seen,1
rectom,belief_1092,reviewed,belief,B,B,True,,0,seen,1
rectom,belief_1093,initial,belief,B,B,True,,0,,0
rectom,belief_1093,reviewed,belief,B,B,True,,0,,0
rectom,belief_1094,initial,belief,A,A,True,,0,seen,1
rectom,belief_1094,reviewed,belief,A,A,True,,0,seen,1
rectom,belief_1095,initial,belief,B,B,True,,0,,0
rectom,belief_1095,reviewed,belief,B,B,True,,0,,0
rectom,belief_1102,initial,belief,D,D,True,,0,recommendation_response,1
rectom,belief_1102,reviewed,belief,D,D,True,,0,seen|recommendation_response,2
rectom,belief_1103,initial,belief,B,B,True,,0,,0
rectom,belief_1103,reviewed,belief,B,B,True,,0,,0
rectom,belief_1104,initial,belief,G,G,True,,0,seen|appraisal,2
rectom,belief_1104,reviewed,belief,G,G,True,,0,seen|appraisal,2
rectom,belief_1105,initial,belief,G,G,True,,0,,0
rectom,belief_1105,reviewed,belief,G,G,True,,0,,0
rectom,belief_1106,initial,belief,C,C,True,,0,,0
rectom,belief_1106,reviewed,belief,C,C,True,,0,,0
rectom,belief_1107,initial,belief,D,D,True,,0,seen|recommendation_response,2
rectom,belief_1107,reviewed,belief,D,D,True,,0,recommendation_response,1
rectom,belief_1108,initial,belief,G,G,True,,0,,0
rectom,belief_1108,reviewed,belief,G,G,True,,0,,0
rectom,belief_1109,initial,belief,B,B,True,,0,,0
rectom,belief_1109,reviewed,belief,B,B,True,,0,,0
rectom,belief_1110,initial,belief,C,C,True,,0,recommendation_response,1
rectom,belief_1110,reviewed,belief,C,C,True,,0,,0
rectom,belief_1111,initial,belief,B,B,True,,0,seen|recommendation_response,2
rectom,belief_1111,reviewed,belief,B,B,True,,0,recommendation_response,1
rectom,belief_1112,initial,belief,A,A,True,,0,,0
rectom,belief_1112,reviewed,belief,A,A,True,,0,,0
rectom,belief_1113,initial,belief,B,B,True,,0,recommendation_response,1
rectom,belief_1113,reviewed,belief,B,B,True,,0,recommendation_response,1
rectom,belief_1135,initial,belief,D,D,True,,0,recommendation_response,1
rectom,belief_1135,reviewed,belief,D,D,True,,0,seen|recommendation_response,2
rectom,belief_1136,initial,belief,G,G,True,,0,,0
rectom,belief_1136,reviewed,belief,G,G,True,,0,seen,1
rectom,belief_1137,initial,belief,D,D,True,,0,seen|recommendation_response,2
rectom,belief_1137,reviewed,belief,D,D,True,,0,seen|recommendation_response,2
rectom,belief_1138,initial,belief,B,B,True,,0,seen,1
rectom,belief_1138,reviewed,belief,B,B,True,,0,seen,1
rectom,belief_1139,initial,belief,C,C,True,,0,,0
rectom,belief_1139,reviewed,belief,C,C,True,,0,,0
rectom,belief_1212,initial,belief,B,B,True,,0,,0
rectom,belief_1212,reviewed,belief,B,B,True,,0,,0
rectom,belief_1213,initial,belief,C,C,True,,0,,0
rectom,belief_1213,reviewed,belief,C,C,True,,0,,0
rectom,belief_1214,initial,belief,B,B,True,,0,,0
rectom,belief_1214,reviewed,belief,B,B,True,,0,,0
rectom,belief_1215,initial,belief,B,B,True,,0,seen,1
rectom,belief_1215,reviewed,belief,B,B,True,,0,seen,1
rectom,belief_1216,initial,belief,G,G,True,,0,,0
rectom,belief_1216,reviewed,belief,G,G,True,,0,,0
rectom,belief_1217,initial,belief,G,G,True,,0,,0
rectom,belief_1217,reviewed,belief,G,G,True,,0,,0
rectom,belief_1218,initial,belief,B,B,True,,0,,0
rectom,belief_1218,reviewed,belief,B,B,True,,0,,0
rectom,belief_1219,initial,belief,A,A,True,,0,,0
rectom,belief_1219,reviewed,belief,A,A,True,,0,,0
rectom,belief_1220,initial,belief,B,B,True,,0,,0
rectom,belief_1220,reviewed,belief,B,B,True,,0,,0
rectom,belief_1269,initial,belief,D,D,True,,0,seen,1
rectom,belief_1269,reviewed,belief,D,D,True,,0,seen,1
rectom,belief_1270,initial,belief,C,C,True,,0,,0
rectom,belief_1270,reviewed,belief,C,C,True,,0,,0
rectom,belief_1271,initial,belief,D,D,True,,0,recommendation_response,1
rectom,belief_1271,reviewed,belief,D,D,True,,0,recommendation_response,1
rectom,belief_1272,initial,belief,B,D,False,,0,seen,1
rectom,belief_1272,reviewed,belief,B,D,False,,0,seen,1
rectom,belief_1273,initial,belief,D,D,True,,0,seen|recommendation_response,2
rectom,belief_1273,reviewed,belief,D,D,True,,0,seen|recommendation_response,2
rectom,belief_1278,initial,belief,C,C,True,,0,,0
rectom,belief_1278,reviewed,belief,C,C,True,,0,,0
rectom,belief_1279,initial,belief,D,D,True,,0,seen|recommendation_response,2
rectom,belief_1279,reviewed,belief,D,D,True,,0,recommendation_response,1
rectom,belief_1280,initial,belief,B,B,True,,0,,0
rectom,belief_1280,reviewed,belief,B,B,True,,0,,0
rectom,belief_1281,initial,belief,G,G,True,,0,seen,1
rectom,belief_1281,reviewed,belief,G,G,True,,0,seen,1
rectom,belief_1282,initial,belief,D,D,True,,0,recommendation_response,1
rectom,belief_1282,reviewed,belief,D,D,True,,0,recommendation_response,1
rectom,belief_1283,initial,belief,A,A,True,,0,seen,1
rectom,belief_1283,reviewed,belief,A,A,True,,0,seen,1
rectom,belief_1284,initial,belief,D,D,True,,0,recommendation_response,1
rectom,belief_1284,reviewed,belief,D,D,True,,0,recommendation_response,1
rectom,belief_1285,initial,belief,G,G,True,,0,,0
rectom,belief_1285,reviewed,belief,G,G,True,,0,,0
rectom,belief_1286,initial,belief,B,B,True,,0,seen,1
rectom,belief_1286,reviewed,belief,B,B,True,,0,seen,1
rectom,belief_1287,initial,belief,B,B,True,,0,,0
rectom,belief_1287,reviewed,belief,B,B,True,,0,,0
rectom,belief_1316,initial,belief,C,C,True,,0,seen,1
rectom,belief_1316,reviewed,belief,C,C,True,,0,seen,1
rectom,belief_1317,initial,belief,D,D,True,,0,recommendation_response,1
rectom,belief_1317,reviewed,belief,D,D,True,,0,recommendation_response,1
rectom,belief_1318,initial,belief,D,D,True,,0,seen|recommendation_response,2
rectom,belief_1318,reviewed,belief,D,D,True,,0,seen|recommendation_response,2
rectom,belief_1319,initial,belief,G,G,True,,0,seen,1
rectom,belief_1319,reviewed,belief,G,G,True,,0,seen|appraisal,2
rectom,belief_1320,initial,belief,B,B,True,,0,,0
rectom,belief_1320,reviewed,belief,B,B,True,,0,,0
rectom,belief_1321,initial,belief,B,D,False,,0,seen,1
rectom,belief_1321,reviewed,belief,B,D,False,,0,seen,1
rectom,belief_1345,initial,belief,D,D,True,,0,recommendation_response,1
rectom,belief_1345,reviewed,belief,D,D,True,,0,recommendation_response,1
rectom,belief_1346,initial,belief,B,B,True,,0,seen,1
rectom,belief_1346,reviewed,belief,B,B,True,,0,seen,1
rectom,belief_1347,initial,belief,D,D,True,,0,recommendation_response,1
rectom,belief_1347,reviewed,belief,D,D,True,,0,recommendation_response,1
rectom,belief_1348,initial,belief,A,A,True,,0,,0
rectom,belief_1348,reviewed,belief,A,A,True,,0,,0
rectom,belief_1357,initial,belief,C,A,False,,0,seen,1
rectom,belief_1357,reviewed,belief,C,A,False,,0,seen,1
rectom,belief_1358,initial,belief,C,A,False,,0,seen,1
rectom,belief_1358,reviewed,belief,C,A,False,,0,seen,1
rectom,belief_1359,initial,belief,G,G,True,,0,seen,1
rectom,belief_1359,reviewed,belief,G,G,True,,0,seen,1
rectom,belief_1360,initial,belief,B,B,True,,0,,0
rectom,belief_1360,reviewed,belief,B,B,True,,0,,0
rectom,belief_1417,initial,belief,G,G,True,,0,seen,1
rectom,belief_1417,reviewed,belief,G,G,True,,0,seen,1
rectom,belief_1418,initial,belief,G,G,True,,0,seen,1
rectom,belief_1418,reviewed,belief,G,G,True,,0,seen,1
rectom,belief_1419,initial,belief,A,A,True,,0,seen,1
rectom,belief_1419,reviewed,belief,A,A,True,,0,seen,1
rectom,belief_1420,initial,belief,B,B,True,,0,,0
rectom,belief_1420,reviewed,belief,B,B,True,,0,,0
rectom,belief_1421,initial,belief,D,D,True,,0,recommendation_response,1
rectom,belief_1421,reviewed,belief,D,D,True,,0,,0
rectom,belief_1422,initial,belief,D,D,True,,0,recommendation_response,1
rectom,belief_1422,reviewed,belief,D,D,True,,0,recommendation_response,1
rectom,belief_1460,initial,belief,D,D,True,,0,recommendation_response,1
rectom,belief_1460,reviewed,belief,D,D,True,,0,seen,1
rectom,belief_1461,initial,belief,A,A,True,,0,,0
rectom,belief_1461,reviewed,belief,A,A,True,,0,,0
rectom,belief_1462,initial,belief,G,G,True,,0,seen,1
rectom,belief_1462,reviewed,belief,G,G,True,,0,seen,1
rectom,belief_1463,initial,belief,G,G,True,,0,seen,1
rectom,belief_1463,reviewed,belief,G,G,True,,0,seen,1
rectom,belief_1469,initial,belief,D,D,True,,0,seen|recommendation_response,2
rectom,belief_1469,reviewed,belief,D,D,True,,0,seen|recommendation_response,2
rectom,belief_1470,initial,belief,C,C,True,,0,,0
rectom,belief_1470,reviewed,belief,C,C,True,,0,,0
rectom,belief_1526,initial,belief,B,B,True,,0,seen,1
rectom,belief_1526,reviewed,belief,B,B,True,,0,seen,1
rectom,belief_1527,initial,belief,D,D,True,,0,recommendation_response,1
rectom,belief_1527,reviewed,belief,D,D,True,seen,1,,0
rectom,belief_1528,initial,belief,G,G,True,,0,seen,1
rectom,belief_1528,reviewed,belief,G,G,True,,0,seen,1
rectom,belief_1529,initial,belief,G,G,True,,0,seen,1
rectom,belief_1529,reviewed,belief,G,G,True,,0,seen,1
rectom,belief_1530,initial,belief,D,D,True,,0,recommendation_response,1
rectom,belief_1530,reviewed,belief,D,D,True,,0,,0
rectom,belief_1531,initial,belief,A,A,True,,0,,0
rectom,belief_1531,reviewed,belief,A,A,True,,0,,0
rectom,belief_1571,initial,belief,A,A,True,,0,seen,1
rectom,belief_1571,reviewed,belief,A,A,True,,0,seen,1
rectom,belief_1572,initial,belief,A,A,True,,0,seen,1
rectom,belief_1572,reviewed,belief,A,A,True,,0,seen,1
rectom,belief_1573,initial,belief,G,G,True,,0,seen,1
rectom,belief_1573,reviewed,belief,G,G,True,,0,seen|appraisal,2
rectom,belief_1574,initial,belief,G,G,True,,0,seen,1
rectom,belief_1574,reviewed,belief,G,G,True,,0,seen,1
rectom,belief_1575,initial,belief,D,D,True,,0,recommendation_response,1
rectom,belief_1575,reviewed,belief,D,D,True,,0,recommendation_response,1
rectom,belief_1592,initial,belief,G,G,True,,0,seen|appraisal,2
rectom,belief_1592,reviewed,belief,G,G,True,,0,seen|appraisal,2
rectom,belief_1593,initial,belief,D,D,True,,0,recommendation_response,1
rectom,belief_1593,reviewed,belief,D,D,True,,0,recommendation_response,1
rectom,belief_1594,initial,belief,C,C,True,,0,recommendation_response,1
rectom,belief_1594,reviewed,belief,C,C,True,,0,recommendation_response,1
rectom,belief_1595,initial,belief,D,D,True,,0,recommendation_response,1
rectom,belief_1595,reviewed,belief,D,D,True,,0,recommendation_response,1
rectom,belief_1609,initial,belief,C,C,True,,0,,0
rectom,belief_1609,reviewed,belief,C,C,True,,0,,0
rectom,belief_1610,initial,belief,D,D,True,,0,recommendation_response,1
rectom,belief_1610,reviewed,belief,D,D,True,,0,recommendation_response,1
rectom,belief_1611,initial,belief,D,D,True,,0,recommendation_response,1
rectom,belief_1611,reviewed,belief,D,D,True,,0,recommendation_response,1
rectom,belief_1612,initial,belief,D,D,True,,0,seen|recommendation_response,2
rectom,belief_1612,reviewed,belief,D,D,True,,0,seen|recommendation_response,2
rectom,belief_1613,initial,belief,D,D,True,,0,seen|recommendation_response,2
rectom,belief_1613,reviewed,belief,D,D,True,,0,seen|recommendation_response,2
rectom,belief_1614,initial,belief,G,G,True,,0,seen|appraisal,2
rectom,belief_1614,reviewed,belief,G,G,True,,0,seen|appraisal,2
rectom,belief_1615,initial,belief,A,A,True,,0,seen|recommendation_response,2
rectom,belief_1615,reviewed,belief,A,A,True,,0,seen|recommendation_response,2
rectom,belief_1616,initial,belief,E,G,False,,0,seen,1
rectom,belief_1616,reviewed,belief,E,G,False,,0,seen,1
rectom,belief_1617,initial,belief,D,D,True,,0,seen|recommendation_response,2
rectom,belief_1617,reviewed,belief,D,D,True,,0,seen|recommendation_response,2
rectom,belief_1618,initial,belief,G,G,True,,0,seen|appraisal,2
rectom,belief_1618,reviewed,belief,G,G,True,,0,seen|appraisal,2
rectom,belief_1619,initial,belief,D,D,True,,0,recommendation_response,1
rectom,belief_1619,reviewed,belief,D,D,True,,0,recommendation_response,1
rectom,belief_1620,initial,belief,C,C,True,,0,,0
rectom,belief_1620,reviewed,belief,C,C,True,,0,,0
rectom,belief_1621,initial,belief,D,D,True,,0,recommendation_response,1
rectom,belief_1621,reviewed,belief,D,D,True,,0,recommendation_response,1
rectom,belief_1622,initial,belief,C,C,True,,0,,0
rectom,belief_1622,reviewed,belief,C,C,True,,0,,0
rectom,belief_1631,initial,belief,B,B,True,,0,seen,1
rectom,belief_1631,reviewed,belief,B,B,True,,0,seen,1
rectom,belief_1632,initial,belief,D,D,True,,0,recommendation_response,1
rectom,belief_1632,reviewed,belief,D,D,True,,0,recommendation_response,1
rectom,belief_1633,initial,belief,D,D,True,,0,recommendation_response,1
rectom,belief_1633,reviewed,belief,D,D,True,,0,recommendation_response,1
rectom,belief_1634,initial,belief,A,A,True,,0,seen,1
rectom,belief_1634,reviewed,belief,A,A,True,,0,seen,1
rectom,belief_1640,initial,belief,D,D,True,,0,recommendation_response,1
rectom,belief_1640,reviewed,belief,D,D,True,,0,recommendation_response,1
rectom,belief_1641,initial,belief,B,B,True,,0,seen,1
rectom,belief_1641,reviewed,belief,B,B,True,,0,seen,1
rectom,belief_1642,initial,belief,A,A,True,,0,,0
rectom,belief_1642,reviewed,belief,A,A,True,,0,,0
rectom,belief_1643,initial,belief,A,A,True,,0,,0
rectom,belief_1643,reviewed,belief,A,A,True,,0,,0
rectom,belief_1672,initial,belief,D,D,True,,0,recommendation_response,1
rectom,belief_1672,reviewed,belief,D,D,True,,0,recommendation_response,1
rectom,belief_1673,initial,belief,A,A,True,,0,,0
rectom,belief_1673,reviewed,belief,A,A,True,,0,,0
rectom,belief_1674,initial,belief,G,G,True,,0,seen,1
rectom,belief_1674,reviewed,belief,G,G,True,,0,seen,1
rectom,belief_1675,initial,belief,B,B,True,,0,seen,1
rectom,belief_1675,reviewed,belief,B,B,True,,0,seen,1
rectom,belief_1676,initial,belief,B,B,True,,0,recommendation_response,1
rectom,belief_1676,reviewed,belief,B,B,True,,0,recommendation_response,1
rectom,belief_1677,initial,belief,D,D,True,,0,recommendation_response,1
rectom,belief_1677,reviewed,belief,D,D,True,,0,seen|recommendation_response,2
rectom,belief_1678,initial,belief,B,B,True,,0,seen,1
rectom,belief_1678,reviewed,belief,B,B,True,,0,seen,1
rectom,belief_1679,initial,belief,B,B,True,,0,,0
rectom,belief_1679,reviewed,belief,B,B,True,,0,,0
rectom,belief_1680,initial,belief,C,C,True,,0,,0
rectom,belief_1680,reviewed,belief,C,C,True,,0,,0
rectom,belief_1681,initial,belief,G,G,True,,0,,0
rectom,belief_1681,reviewed,belief,G,G,True,,0,seen,1
rectom,belief_1685,initial,belief,C,C,True,,0,,0
rectom,belief_1685,reviewed,belief,C,C,True,,0,,0
rectom,belief_1686,initial,belief,C,C,True,,0,,0
rectom,belief_1686,reviewed,belief,C,C,True,,0,,0
rectom,belief_1687,initial,belief,D,D,True,,0,seen,1
rectom,belief_1687,reviewed,belief,D,D,True,,0,seen,1
rectom,belief_1688,initial,belief,D,D,True,,0,seen|recommendation_response,2
rectom,belief_1688,reviewed,belief,D,D,True,,0,seen|recommendation_response,2
rectom,belief_1689,initial,belief,G,G,True,,0,seen,1
rectom,belief_1689,reviewed,belief,G,G,True,,0,seen,1
rectom,belief_1746,initial,belief,C,C,True,,0,,0
rectom,belief_1746,reviewed,belief,C,C,True,,0,,0
rectom,belief_1747,initial,belief,C,C,True,,0,,0
rectom,belief_1747,reviewed,belief,C,C,True,,0,,0
rectom,belief_1748,initial,belief,B,B,True,,0,,0
rectom,belief_1748,reviewed,belief,B,B,True,,0,,0
rectom,belief_1749,initial,belief,G,G,True,,0,,0
rectom,belief_1749,reviewed,belief,G,G,True,,0,seen,1
rectom,belief_1750,initial,belief,G,G,True,,0,,0
rectom,belief_1750,reviewed,belief,G,G,True,,0,,0
rectom,desire_0,initial,desire,A,A,True,,0,,0
rectom,desire_0,reviewed,desire,A,A,True,,0,,0
rectom,desire_1,initial,desire,A,B,False,,0,,0
rectom,desire_1,reviewed,desire,A,B,False,,0,,0
rectom,desire_2,initial,desire,B,B,True,,0,,0
rectom,desire_2,reviewed,desire,B,B,True,,0,,0
rectom,desire_3,initial,desire,A,A,True,,0,intends_to_watch,1
rectom,desire_3,reviewed,desire,A,A,True,,0,intends_to_watch,1
rectom,desire_4,initial,desire,A,A,True,,0,,0
rectom,desire_4,reviewed,desire,A,A,True,,0,,0
rectom,desire_93,initial,desire,A,B,False,,0,intends_to_watch,1
rectom,desire_93,reviewed,desire,A,B,False,,0,intends_to_watch,1
rectom,desire_94,initial,desire,B,A,False,,0,,0
rectom,desire_94,reviewed,desire,B,A,False,,0,,0
rectom,desire_95,initial,desire,A,A,True,,0,,0
rectom,desire_95,reviewed,desire,A,A,True,,0,,0
rectom,desire_96,initial,desire,A,A,True,,0,intends_to_watch,1
rectom,desire_96,reviewed,desire,A,A,True,,0,intends_to_watch,1
rectom,desire_97,initial,desire,A,A,True,,0,intends_to_watch,1
rectom,desire_97,reviewed,desire,A,A,True,,0,intends_to_watch,1
rectom,desire_98,initial,desire,A,A,True,,0,intends_to_watch,1
rectom,desire_98,reviewed,desire,A,A,True,,0,intends_to_watch,1
rectom,desire_99,initial,desire,B,A,False,,0,intends_to_watch,1
rectom,desire_99,reviewed,desire,B,A,False,,0,intends_to_watch,1
rectom,desire_106,initial,desire,B,B,True,,0,,0
rectom,desire_106,reviewed,desire,B,B,True,,0,,0
rectom,desire_107,initial,desire,A,A,True,,0,,0
rectom,desire_107,reviewed,desire,A,A,True,,0,,0
rectom,desire_108,initial,desire,A,A,True,,0,,0
rectom,desire_108,reviewed,desire,A,A,True,,0,,0
rectom,desire_109,initial,desire,A,A,True,,0,intends_to_watch,1
rectom,desire_109,reviewed,desire,A,A,True,,0,intends_to_watch,1
rectom,desire_110,initial,desire,B,B,True,,0,,0
rectom,desire_110,reviewed,desire,B,B,True,,0,,0
rectom,desire_111,initial,desire,A,A,True,,0,,0
rectom,desire_111,reviewed,desire,A,A,True,,0,,0
rectom,desire_112,initial,desire,A,A,True,,0,,0
rectom,desire_112,reviewed,desire,A,A,True,,0,,0
rectom,desire_163,initial,desire,A,A,True,,0,,0
rectom,desire_163,reviewed,desire,A,A,True,,0,,0
rectom,desire_164,initial,desire,A,A,True,,0,,0
rectom,desire_164,reviewed,desire,A,A,True,,0,,0
rectom,desire_165,initial,desire,A,A,True,,0,,0
rectom,desire_165,reviewed,desire,A,A,True,,0,,0
rectom,desire_166,initial,desire,A,A,True,,0,,0
rectom,desire_166,reviewed,desire,A,A,True,,0,,0
rectom,desire_167,initial,desire,B,B,True,,0,,0
rectom,desire_167,reviewed,desire,B,B,True,,0,,0
rectom,desire_181,initial,desire,A,A,True,,0,,0
rectom,desire_181,reviewed,desire,A,A,True,,0,,0
rectom,desire_182,initial,desire,A,A,True,,0,,0
rectom,desire_182,reviewed,desire,A,A,True,,0,,0
rectom,desire_183,initial,desire,A,A,True,,0,,0
rectom,desire_183,reviewed,desire,A,A,True,,0,,0
rectom,desire_184,initial,desire,B,B,True,,0,,0
rectom,desire_184,reviewed,desire,B,B,True,,0,,0
rectom,desire_185,initial,desire,A,A,True,,0,,0
rectom,desire_185,reviewed,desire,A,A,True,,0,,0
rectom,desire_186,initial,desire,A,A,True,,0,,0
rectom,desire_186,reviewed,desire,A,A,True,,0,,0
rectom,desire_187,initial,desire,A,A,True,,0,,0
rectom,desire_187,reviewed,desire,A,A,True,,0,,0
rectom,desire_188,initial,desire,A,A,True,,0,,0
rectom,desire_188,reviewed,desire,A,A,True,,0,,0
rectom,desire_189,initial,desire,B,B,True,,0,,0
rectom,desire_189,reviewed,desire,B,B,True,,0,,0
rectom,desire_195,initial,desire,A,A,True,,0,,0
rectom,desire_195,reviewed,desire,A,A,True,,0,,0
rectom,desire_196,initial,desire,A,A,True,,0,,0
rectom,desire_196,reviewed,desire,A,A,True,,0,,0
rectom,desire_197,initial,desire,B,B,True,,0,,0
rectom,desire_197,reviewed,desire,B,B,True,,0,,0
rectom,desire_198,initial,desire,A,A,True,,0,intends_to_watch,1
rectom,desire_198,reviewed,desire,A,A,True,,0,intends_to_watch,1
rectom,desire_227,initial,desire,B,B,True,,0,,0
rectom,desire_227,reviewed,desire,B,B,True,,0,,0
rectom,desire_228,initial,desire,A,A,True,,0,,0
rectom,desire_228,reviewed,desire,A,A,True,,0,,0
rectom,desire_229,initial,desire,B,B,True,,0,intends_to_watch,1
rectom,desire_229,reviewed,desire,B,B,True,,0,intends_to_watch,1
rectom,desire_230,initial,desire,A,A,True,,0,,0
rectom,desire_230,reviewed,desire,A,A,True,,0,,0
rectom,desire_231,initial,desire,A,A,True,,0,,0
rectom,desire_231,reviewed,desire,A,A,True,,0,,0
rectom,desire_253,initial,desire,A,A,True,,0,,0
rectom,desire_253,reviewed,desire,A,A,True,,0,,0
rectom,desire_254,initial,desire,A,A,True,,0,,0
rectom,desire_254,reviewed,desire,A,A,True,,0,,0
rectom,desire_255,initial,desire,A,A,True,,0,,0
rectom,desire_255,reviewed,desire,A,A,True,,0,,0
rectom,desire_256,initial,desire,B,B,True,,0,,0
rectom,desire_256,reviewed,desire,B,B,True,,0,,0
rectom,desire_257,initial,desire,A,A,True,,0,,0
rectom,desire_257,reviewed,desire,A,A,True,,0,,0
rectom,desire_258,initial,desire,B,B,True,,0,intends_to_watch,1
rectom,desire_258,reviewed,desire,B,B,True,,0,intends_to_watch,1
rectom,desire_259,initial,desire,A,A,True,,0,,0
rectom,desire_259,reviewed,desire,A,A,True,,0,,0
rectom,desire_260,initial,desire,A,A,True,,0,,0
rectom,desire_260,reviewed,desire,A,A,True,,0,,0
rectom,desire_261,initial,desire,B,B,True,,0,,0
rectom,desire_261,reviewed,desire,B,B,True,,0,,0
rectom,desire_271,initial,desire,A,A,True,,0,,0
rectom,desire_271,reviewed,desire,A,A,True,,0,,0
rectom,desire_272,initial,desire,A,A,True,,0,,0
rectom,desire_272,reviewed,desire,A,A,True,,0,,0
rectom,desire_273,initial,desire,B,B,True,,0,,0
rectom,desire_273,reviewed,desire,B,B,True,,0,,0
rectom,desire_274,initial,desire,A,A,True,,0,,0
rectom,desire_274,reviewed,desire,A,A,True,,0,,0
rectom,desire_275,initial,desire,A,A,True,,0,,0
rectom,desire_275,reviewed,desire,A,A,True,,0,,0
rectom,desire_276,initial,desire,A,A,True,,0,,0
rectom,desire_276,reviewed,desire,A,A,True,,0,,0
rectom,desire_277,initial,desire,B,B,True,,0,,0
rectom,desire_277,reviewed,desire,B,B,True,,0,,0
rectom,desire_278,initial,desire,A,A,True,,0,,0
rectom,desire_278,reviewed,desire,A,A,True,,0,,0
rectom,desire_287,initial,desire,A,A,True,,0,,0
rectom,desire_287,reviewed,desire,A,A,True,,0,,0
rectom,desire_288,initial,desire,A,A,True,,0,,0
rectom,desire_288,reviewed,desire,A,A,True,,0,,0
rectom,desire_289,initial,desire,A,A,True,,0,,0
rectom,desire_289,reviewed,desire,A,A,True,,0,,0
rectom,desire_290,initial,desire,A,A,True,,0,,0
rectom,desire_290,reviewed,desire,A,A,True,,0,,0
rectom,desire_291,initial,desire,B,B,True,,0,,0
rectom,desire_291,reviewed,desire,B,B,True,,0,,0
rectom,desire_292,initial,desire,A,A,True,,0,,0
rectom,desire_292,reviewed,desire,A,A,True,,0,,0
rectom,desire_293,initial,desire,B,A,False,,0,intends_to_watch,1
rectom,desire_293,reviewed,desire,B,A,False,,0,intends_to_watch,1
rectom,desire_294,initial,desire,B,A,False,,0,,0
rectom,desire_294,reviewed,desire,B,A,False,,0,,0
rectom,desire_295,initial,desire,A,A,True,,0,,0
rectom,desire_295,reviewed,desire,A,A,True,,0,,0
rectom,desire_296,initial,desire,A,A,True,,0,,0
rectom,desire_296,reviewed,desire,A,A,True,,0,,0
rectom,desire_297,initial,desire,B,B,True,,0,intends_to_watch,1
rectom,desire_297,reviewed,desire,B,B,True,,0,intends_to_watch,1
rectom,desire_315,initial,desire,A,A,True,,0,,0
rectom,desire_315,reviewed,desire,A,A,True,,0,,0
rectom,desire_316,initial,desire,A,A,True,,0,,0
rectom,desire_316,reviewed,desire,A,A,True,,0,,0
rectom,desire_317,initial,desire,B,B,True,,0,,0
rectom,desire_317,reviewed,desire,B,B,True,,0,,0
rectom,desire_318,initial,desire,B,B,True,,0,intends_to_watch,1
rectom,desire_318,reviewed,desire,B,B,True,,0,intends_to_watch,1
rectom,desire_319,initial,desire,B,B,True,,0,,0
rectom,desire_319,reviewed,desire,B,B,True,,0,,0
rectom,desire_327,initial,desire,B,B,True,,0,,0
rectom,desire_327,reviewed,desire,B,B,True,,0,,0
rectom,desire_328,initial,desire,B,A,False,,0,intends_to_watch,1
rectom,desire_328,reviewed,desire,B,A,False,,0,intends_to_watch,1
rectom,desire_329,initial,desire,A,A,True,,0,intends_to_watch,1
rectom,desire_329,reviewed,desire,A,A,True,,0,intends_to_watch,1
rectom,desire_354,initial,desire,A,A,True,,0,,0
rectom,desire_354,reviewed,desire,A,A,True,,0,,0
rectom,desire_355,initial,desire,B,B,True,,0,,0
rectom,desire_355,reviewed,desire,B,B,True,,0,,0
rectom,desire_356,initial,desire,A,A,True,,0,,0
rectom,desire_356,reviewed,desire,A,A,True,,0,,0
rectom,desire_357,initial,desire,A,A,True,,0,,0
rectom,desire_357,reviewed,desire,A,A,True,,0,,0
rectom,desire_373,initial,desire,B,B,True,,0,intends_to_watch,1
rectom,desire_373,reviewed,desire,B,B,True,,0,intends_to_watch,1
rectom,desire_374,initial,desire,A,A,True,,0,,0
rectom,desire_374,reviewed,desire,A,A,True,,0,,0
rectom,desire_375,initial,desire,A,A,True,,0,,0
rectom,desire_375,reviewed,desire,A,A,True,,0,,0
rectom,desire_376,initial,desire,A,A,True,,0,,0
rectom,desire_376,reviewed,desire,A,A,True,,0,,0
rectom,desire_393,initial,desire,A,A,True,,0,,0
rectom,desire_393,reviewed,desire,A,A,True,,0,,0
rectom,desire_394,initial,desire,A,A,True,,0,,0
rectom,desire_394,reviewed,desire,A,A,True,,0,,0
rectom,desire_395,initial,desire,A,A,True,,0,,0
rectom,desire_395,reviewed,desire,A,A,True,,0,,0
rectom,desire_454,initial,desire,A,A,True,,0,,0
rectom,desire_454,reviewed,desire,A,A,True,,0,,0
rectom,desire_455,initial,desire,A,A,True,,0,,0
rectom,desire_455,reviewed,desire,A,A,True,,0,,0
rectom,desire_456,initial,desire,A,A,True,,0,,0
rectom,desire_456,reviewed,desire,A,A,True,,0,,0
rectom,desire_457,initial,desire,B,B,True,,0,,0
rectom,desire_457,reviewed,desire,B,B,True,,0,,0
rectom,desire_458,initial,desire,A,A,True,,0,intends_to_watch,1
rectom,desire_458,reviewed,desire,A,A,True,,0,intends_to_watch,1
rectom,desire_502,initial,desire,A,A,True,,0,,0
rectom,desire_502,reviewed,desire,A,A,True,,0,,0
rectom,desire_503,initial,desire,B,B,True,,0,intends_to_watch,1
rectom,desire_503,reviewed,desire,B,B,True,,0,intends_to_watch,1
rectom,desire_504,initial,desire,A,A,True,,0,,0
rectom,desire_504,reviewed,desire,A,A,True,,0,,0
rectom,desire_505,initial,desire,A,A,True,,0,,0
rectom,desire_505,reviewed,desire,A,A,True,,0,,0
rectom,desire_506,initial,desire,B,B,True,,0,,0
rectom,desire_506,reviewed,desire,B,B,True,,0,,0
rectom,desire_507,initial,desire,A,A,True,,0,,0
rectom,desire_507,reviewed,desire,A,A,True,,0,,0
rectom,desire_508,initial,desire,A,A,True,,0,,0
rectom,desire_508,reviewed,desire,A,A,True,,0,,0
rectom,desire_509,initial,desire,B,B,True,,0,,0
rectom,desire_509,reviewed,desire,B,B,True,,0,,0
rectom,desire_510,initial,desire,A,A,True,,0,,0
rectom,desire_510,reviewed,desire,A,A,True,,0,,0
rectom,desire_573,initial,desire,A,A,True,,0,,0
rectom,desire_573,reviewed,desire,A,A,True,,0,,0
rectom,desire_574,initial,desire,A,A,True,,0,intends_to_watch,1
rectom,desire_574,reviewed,desire,A,A,True,,0,intends_to_watch,1
rectom,desire_575,initial,desire,A,A,True,,0,,0
rectom,desire_575,reviewed,desire,A,A,True,,0,,0
rectom,desire_576,initial,desire,B,B,True,,0,,0
rectom,desire_576,reviewed,desire,B,B,True,,0,,0
rectom,desire_615,initial,desire,A,A,True,,0,,0
rectom,desire_615,reviewed,desire,A,A,True,,0,,0
rectom,desire_616,initial,desire,A,A,True,,0,,0
rectom,desire_616,reviewed,desire,A,A,True,,0,,0
rectom,desire_617,initial,desire,B,B,True,,0,,0
rectom,desire_617,reviewed,desire,B,B,True,,0,,0
rectom,desire_664,initial,desire,B,B,True,,0,intends_to_watch,1
rectom,desire_664,reviewed,desire,B,B,True,,0,intends_to_watch,1
rectom,desire_665,initial,desire,A,A,True,,0,,0
rectom,desire_665,reviewed,desire,A,A,True,,0,,0
rectom,desire_666,initial,desire,A,A,True,,0,,0
rectom,desire_666,reviewed,desire,A,A,True,,0,,0
rectom,desire_667,initial,desire,A,A,True,,0,,0
rectom,desire_667,reviewed,desire,A,A,True,,0,,0
rectom,desire_680,initial,desire,A,A,True,,0,,0
rectom,desire_680,reviewed,desire,A,A,True,,0,,0
rectom,desire_681,initial,desire,A,A,True,,0,intends_to_watch,1
rectom,desire_681,reviewed,desire,A,A,True,,0,intends_to_watch,1
rectom,desire_682,initial,desire,A,A,True,,0,,0
rectom,desire_682,reviewed,desire,A,A,True,,0,,0
rectom,desire_683,initial,desire,B,B,True,,0,,0
rectom,desire_683,reviewed,desire,B,B,True,,0,,0
rectom,desire_697,initial,desire,A,A,True,,0,,0
rectom,desire_697,reviewed,desire,A,A,True,,0,,0
rectom,desire_698,initial,desire,B,B,True,,0,,0
rectom,desire_698,reviewed,desire,B,B,True,,0,,0
rectom,desire_699,initial,desire,A,A,True,,0,,0
rectom,desire_699,reviewed,desire,A,A,True,,0,,0
rectom,desire_700,initial,desire,A,A,True,,0,,0
rectom,desire_700,reviewed,desire,A,A,True,,0,,0
rectom,desire_701,initial,desire,B,B,True,,0,,0
rectom,desire_701,reviewed,desire,B,B,True,,0,,0
rectom,desire_702,initial,desire,B,B,True,,0,,0
rectom,desire_702,reviewed,desire,B,B,True,,0,,0
rectom,desire_703,initial,desire,B,B,True,,0,,0
rectom,desire_703,reviewed,desire,B,B,True,,0,,0
rectom,desire_714,initial,desire,A,A,True,,0,,0
rectom,desire_714,reviewed,desire,A,A,True,,0,,0
rectom,desire_715,initial,desire,A,A,True,,0,,0
rectom,desire_715,reviewed,desire,A,A,True,,0,,0
rectom,desire_716,initial,desire,A,A,True,,0,,0
rectom,desire_716,reviewed,desire,A,A,True,,0,,0
rectom,desire_717,initial,desire,A,A,True,,0,intends_to_watch,1
rectom,desire_717,reviewed,desire,A,A,True,,0,intends_to_watch,1
rectom,desire_718,initial,desire,B,B,True,,0,,0
rectom,desire_718,reviewed,desire,B,B,True,,0,,0
rectom,desire_740,initial,desire,B,A,False,,0,intends_to_watch,1
rectom,desire_740,reviewed,desire,B,A,False,,0,intends_to_watch,1
rectom,desire_741,initial,desire,A,A,True,,0,,0
rectom,desire_741,reviewed,desire,A,A,True,,0,,0
rectom,desire_742,initial,desire,A,A,True,,0,,0
rectom,desire_742,reviewed,desire,A,A,True,,0,,0
rectom,desire_743,initial,desire,B,B,True,,0,,0
rectom,desire_743,reviewed,desire,B,B,True,,0,,0
rectom,desire_747,initial,desire,A,A,True,,0,,0
rectom,desire_747,reviewed,desire,A,A,True,,0,,0
rectom,desire_748,initial,desire,A,A,True,,0,,0
rectom,desire_748,reviewed,desire,A,A,True,,0,,0
rectom,desire_749,initial,desire,B,B,True,,0,,0
rectom,desire_749,reviewed,desire,B,B,True,,0,,0
rectom,desire_750,initial,desire,A,A,True,,0,,0
rectom,desire_750,reviewed,desire,A,A,True,,0,,0
rectom,desire_788,initial,desire,B,B,True,,0,,0
rectom,desire_788,reviewed,desire,B,B,True,,0,,0
rectom,desire_789,initial,desire,A,A,True,,0,intends_to_watch,1
rectom,desire_789,reviewed,desire,A,A,True,,0,intends_to_watch,1
rectom,desire_790,initial,desire,A,A,True,,0,,0
rectom,desire_790,reviewed,desire,A,A,True,,0,,0
rectom,desire_791,initial,desire,A,A,True,,0,,0
rectom,desire_791,reviewed,desire,A,A,True,,0,,0
rectom,desire_792,initial,desire,A,A,True,,0,,0
rectom,desire_792,reviewed,desire,A,A,True,,0,,0
rectom,desire_793,initial,desire,B,B,True,,0,,0
rectom,desire_793,reviewed,desire,B,B,True,,0,,0
rectom,desire_794,initial,desire,A,A,True,,0,intends_to_watch,1
rectom,desire_794,reviewed,desire,A,A,True,,0,intends_to_watch,1
rectom,desire_795,initial,desire,A,A,True,,0,,0
rectom,desire_795,reviewed,desire,A,A,True,,0,,0
rectom,desire_796,initial,desire,A,A,True,,0,,0
rectom,desire_796,reviewed,desire,A,A,True,,0,,0
rectom,desire_797,initial,desire,B,B,True,,0,,0
rectom,desire_797,reviewed,desire,B,B,True,,0,,0
rectom,desire_802,initial,desire,B,B,True,,0,,0
rectom,desire_802,reviewed,desire,B,B,True,,0,,0
rectom,desire_803,initial,desire,B,B,True,,0,,0
rectom,desire_803,reviewed,desire,B,B,True,,0,,0
rectom,desire_804,initial,desire,A,A,True,,0,,0
rectom,desire_804,reviewed,desire,A,A,True,,0,,0
rectom,desire_805,initial,desire,A,A,True,,0,,0
rectom,desire_805,reviewed,desire,A,A,True,,0,,0
rectom,desire_828,initial,desire,A,A,True,,0,,0
rectom,desire_828,reviewed,desire,A,A,True,,0,,0
rectom,desire_829,initial,desire,B,B,True,,0,,0
rectom,desire_829,reviewed,desire,B,B,True,,0,,0
rectom,desire_830,initial,desire,A,A,True,,0,,0
rectom,desire_830,reviewed,desire,A,A,True,,0,,0
rectom,desire_831,initial,desire,A,A,True,,0,,0
rectom,desire_831,reviewed,desire,A,A,True,,0,,0
rectom,desire_839,initial,desire,A,A,True,,0,intends_to_watch,1
rectom,desire_839,reviewed,desire,A,A,True,,0,intends_to_watch,1
rectom,desire_840,initial,desire,A,A,True,,0,,0
rectom,desire_840,reviewed,desire,A,A,True,,0,,0
rectom,desire_841,initial,desire,B,B,True,,0,,0
rectom,desire_841,reviewed,desire,B,B,True,,0,,0
rectom,desire_842,initial,desire,A,A,True,,0,,0
rectom,desire_842,reviewed,desire,A,A,True,,0,,0
rectom,desire_868,initial,desire,A,A,True,,0,,0
rectom,desire_868,reviewed,desire,A,A,True,,0,,0
rectom,desire_869,initial,desire,B,B,True,,0,,0
rectom,desire_869,reviewed,desire,B,B,True,,0,,0
rectom,desire_870,initial,desire,A,A,True,,0,,0
rectom,desire_870,reviewed,desire,A,A,True,,0,,0
rectom,desire_871,initial,desire,A,A,True,,0,,0
rectom,desire_871,reviewed,desire,A,A,True,,0,,0
rectom,desire_882,initial,desire,B,A,False,,0,intends_to_watch,1
rectom,desire_882,reviewed,desire,B,A,False,,0,intends_to_watch,1
rectom,desire_883,initial,desire,A,A,True,,0,,0
rectom,desire_883,reviewed,desire,A,A,True,,0,,0
rectom,desire_884,initial,desire,A,A,True,,0,,0
rectom,desire_884,reviewed,desire,A,A,True,,0,,0
rectom,desire_885,initial,desire,B,B,True,,0,intends_to_watch,1
rectom,desire_885,reviewed,desire,B,B,True,,0,intends_to_watch,1
rectom,desire_886,initial,desire,B,B,True,,0,intends_to_watch,1
rectom,desire_886,reviewed,desire,B,B,True,,0,intends_to_watch,1
rectom,desire_887,initial,desire,B,A,False,,0,intends_to_watch,1
rectom,desire_887,reviewed,desire,B,A,False,,0,intends_to_watch,1
rectom,desire_888,initial,desire,A,A,True,,0,,0
rectom,desire_888,reviewed,desire,A,A,True,,0,,0
rectom,desire_889,initial,desire,A,A,True,,0,,0
rectom,desire_889,reviewed,desire,A,A,True,,0,,0
rectom,desire_894,initial,desire,A,A,True,,0,intends_to_watch,1
rectom,desire_894,reviewed,desire,A,A,True,,0,intends_to_watch,1
rectom,desire_895,initial,desire,A,A,True,,0,,0
rectom,desire_895,reviewed,desire,A,A,True,,0,,0
rectom,desire_896,initial,desire,A,A,True,,0,,0
rectom,desire_896,reviewed,desire,A,A,True,,0,,0
rectom,desire_897,initial,desire,B,B,True,,0,,0
rectom,desire_897,reviewed,desire,B,B,True,,0,,0
rectom,desire_898,initial,desire,A,A,True,,0,,0
rectom,desire_898,reviewed,desire,A,A,True,,0,,0
rectom,desire_907,initial,desire,A,A,True,,0,,0
rectom,desire_907,reviewed,desire,A,A,True,,0,,0
rectom,desire_908,initial,desire,A,A,True,,0,,0
rectom,desire_908,reviewed,desire,A,A,True,,0,,0
rectom,desire_909,initial,desire,B,B,True,,0,,0
rectom,desire_909,reviewed,desire,B,B,True,,0,,0
rectom,desire_910,initial,desire,A,A,True,,0,,0
rectom,desire_910,reviewed,desire,A,A,True,,0,,0
rectom,desire_911,initial,desire,A,A,True,,0,,0
rectom,desire_911,reviewed,desire,A,A,True,,0,,0
rectom,desire_912,initial,desire,B,B,True,,0,,0
rectom,desire_912,reviewed,desire,B,B,True,,0,,0
rectom,desire_913,initial,desire,A,A,True,,0,intends_to_watch,1
rectom,desire_913,reviewed,desire,A,A,True,,0,intends_to_watch,1
rectom,desire_914,initial,desire,B,B,True,,0,,0
rectom,desire_914,reviewed,desire,B,B,True,,0,,0
rectom,desire_915,initial,desire,A,A,True,,0,intends_to_watch,1
rectom,desire_915,reviewed,desire,A,A,True,,0,intends_to_watch,1
rectom,desire_930,initial,desire,A,A,True,,0,,0
rectom,desire_930,reviewed,desire,A,A,True,,0,,0
rectom,desire_931,initial,desire,A,A,True,,0,intends_to_watch,1
rectom,desire_931,reviewed,desire,A,A,True,,0,intends_to_watch,1
rectom,desire_932,initial,desire,A,A,True,,0,,0
rectom,desire_932,reviewed,desire,A,A,True,,0,,0
rectom,desire_933,initial,desire,B,B,True,,0,,0
rectom,desire_933,reviewed,desire,B,B,True,,0,,0
rectom,desire_996,initial,desire,A,A,True,,0,,0
rectom,desire_996,reviewed,desire,A,A,True,,0,,0
rectom,desire_997,initial,desire,B,B,True,,0,,0
rectom,desire_997,reviewed,desire,B,B,True,,0,,0
rectom,desire_998,initial,desire,A,A,True,,0,,0
rectom,desire_998,reviewed,desire,A,A,True,,0,,0
rectom,desire_999,initial,desire,A,A,True,,0,,0
rectom,desire_999,reviewed,desire,A,A,True,,0,,0
rectom,desire_1000,initial,desire,A,A,True,,0,,0
rectom,desire_1000,reviewed,desire,A,A,True,,0,,0
rectom,desire_1001,initial,desire,B,B,True,,0,,0
rectom,desire_1001,reviewed,desire,B,B,True,,0,,0
rectom,desire_1002,initial,desire,A,A,True,,0,,0
rectom,desire_1002,reviewed,desire,A,A,True,,0,,0
rectom,desire_1042,initial,desire,A,A,True,,0,,0
rectom,desire_1042,reviewed,desire,A,A,True,,0,,0
rectom,desire_1043,initial,desire,B,B,True,,0,,0
rectom,desire_1043,reviewed,desire,B,B,True,,0,,0
rectom,desire_1044,initial,desire,A,A,True,,0,,0
rectom,desire_1044,reviewed,desire,A,A,True,,0,,0
rectom,desire_1045,initial,desire,A,A,True,,0,,0
rectom,desire_1045,reviewed,desire,A,A,True,,0,,0
rectom,desire_1046,initial,desire,A,A,True,,0,,0
rectom,desire_1046,reviewed,desire,A,A,True,,0,,0
rectom,desire_1053,initial,desire,B,B,True,,0,,0
rectom,desire_1053,reviewed,desire,B,B,True,,0,,0
rectom,desire_1054,initial,desire,A,A,True,,0,,0
rectom,desire_1054,reviewed,desire,A,A,True,,0,,0
rectom,desire_1055,initial,desire,A,A,True,,0,intends_to_watch,1
rectom,desire_1055,reviewed,desire,A,A,True,,0,intends_to_watch,1
rectom,desire_1056,initial,desire,A,A,True,,0,,0
rectom,desire_1056,reviewed,desire,A,A,True,,0,,0
rectom,desire_1057,initial,desire,B,B,True,,0,,0
rectom,desire_1057,reviewed,desire,B,B,True,,0,,0
rectom,desire_1058,initial,desire,A,A,True,,0,,0
rectom,desire_1058,reviewed,desire,A,A,True,,0,,0
rectom,desire_1059,initial,desire,A,A,True,,0,,0
rectom,desire_1059,reviewed,desire,A,A,True,,0,,0
rectom,desire_1060,initial,desire,A,A,True,,0,,0
rectom,desire_1060,reviewed,desire,A,A,True,,0,,0
rectom,desire_1080,initial,desire,B,B,True,,0,,0
rectom,desire_1080,reviewed,desire,B,B,True,,0,,0
rectom,desire_1081,initial,desire,A,A,True,,0,,0
rectom,desire_1081,reviewed,desire,A,A,True,,0,,0
rectom,desire_1082,initial,desire,A,A,True,,0,,0
rectom,desire_1082,reviewed,desire,A,A,True,,0,,0
rectom,desire_1083,initial,desire,A,A,True,,0,,0
rectom,desire_1083,reviewed,desire,A,A,True,,0,,0
rectom,desire_1084,initial,desire,A,A,True,,0,,0
rectom,desire_1084,reviewed,desire,A,A,True,,0,,0
rectom,desire_1102,initial,desire,A,A,True,,0,intends_to_watch,1
rectom,desire_1102,reviewed,desire,A,A,True,,0,intends_to_watch,1
rectom,desire_1103,initial,desire,A,A,True,,0,,0
rectom,desire_1103,reviewed,desire,A,A,True,,0,,0
rectom,desire_1104,initial,desire,A,A,True,,0,,0
rectom,desire_1104,reviewed,desire,A,A,True,,0,,0
rectom,desire_1105,initial,desire,B,B,True,,0,,0
rectom,desire_1105,reviewed,desire,B,B,True,,0,,0
rectom,desire_1114,initial,desire,B,B,True,,0,,0
rectom,desire_1114,reviewed,desire,B,B,True,,0,,0
rectom,desire_1115,initial,desire,B,B,True,,0,,0
rectom,desire_1115,reviewed,desire,B,B,True,,0,,0
rectom,desire_1116,initial,desire,B,B,True,,0,,0
rectom,desire_1116,reviewed,desire,B,B,True,,0,,0
rectom,desire_1117,initial,desire,A,A,True,,0,,0
rectom,desire_1117,reviewed,desire,A,A,True,,0,,0
rectom,desire_1158,initial,desire,B,B,True,,0,,0
rectom,desire_1158,reviewed,desire,B,B,True,,0,,0
rectom,desire_1159,initial,desire,A,A,True,,0,,0
rectom,desire_1159,reviewed,desire,A,A,True,,0,,0
rectom,desire_1160,initial,desire,A,A,True,,0,,0
rectom,desire_1160,reviewed,desire,A,A,True,,0,,0
rectom,desire_1161,initial,desire,A,A,True,,0,,0
rectom,desire_1161,reviewed,desire,A,A,True,,0,,0
rectom,desire_1198,initial,desire,A,A,True,,0,,0
rectom,desire_1198,reviewed,desire,A,A,True,,0,,0
rectom,desire_1199,initial,desire,B,B,True,,0,,0
rectom,desire_1199,reviewed,desire,B,B,True,,0,,0
rectom,desire_1205,initial,desire,A,A,True,,0,intends_to_watch,1
rectom,desire_1205,reviewed,desire,A,A,True,,0,intends_to_watch,1
rectom,desire_1206,initial,desire,B,B,True,,0,,0
rectom,desire_1206,reviewed,desire,B,B,True,,0,,0
rectom,desire_1252,initial,desire,A,A,True,,0,,0
rectom,desire_1252,reviewed,desire,A,A,True,,0,,0
rectom,desire_1253,initial,desire,A,A,True,,0,,0
rectom,desire_1253,reviewed,desire,A,A,True,,0,,0
rectom,desire_1254,initial,desire,A,A,True,,0,,0
rectom,desire_1254,reviewed,desire,A,A,True,,0,,0
rectom,desire_1255,initial,desire,B,B,True,,0,,0
rectom,desire_1255,reviewed,desire,B,B,True,,0,,0
rectom,desire_1287,initial,desire,B,B,True,,0,,0
rectom,desire_1287,reviewed,desire,B,B,True,,0,,0
rectom,desire_1288,initial,desire,B,B,True,,0,,0
rectom,desire_1288,reviewed,desire,B,B,True,,0,,0
rectom,desire_1289,initial,desire,A,A,True,,0,,0
rectom,desire_1289,reviewed,desire,A,A,True,,0,,0
rectom,desire_1303,initial,desire,A,A,True,,0,,0
rectom,desire_1303,reviewed,desire,A,A,True,,0,,0
rectom,desire_1304,initial,desire,B,B,True,,0,,0
rectom,desire_1304,reviewed,desire,B,B,True,,0,,0
rectom,desire_1305,initial,desire,A,A,True,,0,,0
rectom,desire_1305,reviewed,desire,A,A,True,,0,intends_to_watch,1
rectom,desire_1318,initial,desire,B,B,True,,0,,0
rectom,desire_1318,reviewed,desire,B,B,True,,0,,0
rectom,desire_1319,initial,desire,A,A,True,,0,,0
rectom,desire_1319,reviewed,desire,A,A,True,,0,,0
rectom,desire_1320,initial,desire,A,A,True,,0,,0
rectom,desire_1320,reviewed,desire,A,A,True,,0,,0
rectom,desire_1321,initial,desire,A,A,True,,0,,0
rectom,desire_1321,reviewed,desire,A,A,True,,0,,0
rectom,desire_1322,initial,desire,A,A,True,,0,,0
rectom,desire_1322,reviewed,desire,A,A,True,,0,,0
rectom,desire_1323,initial,desire,B,B,True,,0,intends_to_watch,1
rectom,desire_1323,reviewed,desire,B,B,True,,0,intends_to_watch,1
rectom,desire_1324,initial,desire,A,A,True,,0,intends_to_watch,1
rectom,desire_1324,reviewed,desire,A,A,True,,0,intends_to_watch,1
rectom,desire_1325,initial,desire,A,A,True,,0,intends_to_watch,1
rectom,desire_1325,reviewed,desire,A,A,True,,0,intends_to_watch,1
rectom,desire_1326,initial,desire,B,B,True,,0,,0
rectom,desire_1326,reviewed,desire,B,B,True,,0,,0
rectom,desire_1327,initial,desire,A,A,True,,0,,0
rectom,desire_1327,reviewed,desire,A,A,True,,0,,0
rectom,desire_1328,initial,desire,B,B,True,,0,,0
rectom,desire_1328,reviewed,desire,B,B,True,,0,,0
rectom,desire_1336,initial,desire,A,A,True,,0,,0
rectom,desire_1336,reviewed,desire,A,A,True,,0,,0
rectom,desire_1337,initial,desire,A,A,True,,0,,0
rectom,desire_1337,reviewed,desire,A,A,True,,0,,0
rectom,desire_1338,initial,desire,A,A,True,,0,intends_to_watch,1
rectom,desire_1338,reviewed,desire,A,A,True,,0,intends_to_watch,1
rectom,desire_1339,initial,desire,B,B,True,,0,,0
rectom,desire_1339,reviewed,desire,B,B,True,,0,,0
rectom,desire_1345,initial,desire,A,A,True,,0,,0
rectom,desire_1345,reviewed,desire,A,A,True,,0,,0
rectom,desire_1346,initial,desire,A,A,True,,0,,0
rectom,desire_1346,reviewed,desire,A,A,True,,0,,0
rectom,desire_1347,initial,desire,B,B,True,,0,,0
rectom,desire_1347,reviewed,desire,B,B,True,,0,,0
rectom,desire_1348,initial,desire,B,B,True,,0,,0
rectom,desire_1348,reviewed,desire,B,B,True,,0,,0
rectom,desire_1371,initial,desire,A,A,True,,0,,0
rectom,desire_1371,reviewed,desire,A,A,True,,0,,0
rectom,desire_1372,initial,desire,B,B,True,,0,,0
rectom,desire_1372,reviewed,desire,B,B,True,,0,,0
rectom,desire_1373,initial,desire,A,A,True,,0,,0
rectom,desire_1373,reviewed,desire,A,A,True,,0,,0
rectom,desire_1374,initial,desire,B,A,False,,0,intends_to_watch,1
rectom,desire_1374,reviewed,desire,B,A,False,,0,intends_to_watch,1
rectom,desire_1375,initial,desire,A,A,True,,0,,0
rectom,desire_1375,reviewed,desire,A,A,True,,0,,0
rectom,desire_1376,initial,desire,A,A,True,,0,,0
rectom,desire_1376,reviewed,desire,A,A,True,,0,,0
rectom,desire_1377,initial,desire,A,A,True,,0,,0
rectom,desire_1377,reviewed,desire,A,A,True,,0,,0
rectom,desire_1378,initial,desire,B,B,True,,0,,0
rectom,desire_1378,reviewed,desire,B,B,True,,0,,0
rectom,desire_1383,initial,desire,B,B,True,,0,,0
rectom,desire_1383,reviewed,desire,B,B,True,,0,,0
rectom,desire_1384,initial,desire,B,B,True,,0,,0
rectom,desire_1384,reviewed,desire,B,B,True,,0,,0
rectom,desire_1385,initial,desire,A,A,True,,0,,0
rectom,desire_1385,reviewed,desire,A,A,True,,0,,0
rectom,desire_1386,initial,desire,A,A,True,,0,,0
rectom,desire_1386,reviewed,desire,A,A,True,,0,,0
rectom,desire_1435,initial,desire,B,B,True,,0,,0
rectom,desire_1435,reviewed,desire,B,B,True,,0,,0
rectom,desire_1436,initial,desire,B,B,True,,0,,0
rectom,desire_1436,reviewed,desire,B,B,True,,0,,0
rectom,desire_1437,initial,desire,A,A,True,,0,,0
rectom,desire_1437,reviewed,desire,A,A,True,,0,,0
